ID,Age,Gender,Education,Country,Ethnicity,Nscore,Escore,Oscore,Ascore,Cscore,Impulsive,SS,Cannabis
1087,-0.95197,0.48246,1.16365,0.96082,-0.31685,-0.24649,0.47617,0.88309,-0.15487,1.81175,0.52975,0.40148,0
502,0.49788,0.48246,-0.05921,0.21128,-0.31685,0.04257,0.47617,-0.84732,-0.76096,1.13407,0.52975,0.7654,1
1307,-0.07854,-0.48246,-0.61113,-0.57009,-0.31685,-0.34799,0.63779,1.88511,-0.60633,0.25953,0.19268,0.7654,1
632,0.49788,0.48246,1.98437,0.96082,-0.31685,0.52135,-0.30033,1.65653,0.28783,1.13407,-1.37983,-2.07848,1
1173,-0.95197,-0.48246,-0.61113,-0.57009,-0.31685,-0.24649,0.16767,-0.97631,0.59042,0.93949,0.88113,0.40148,1
1217,-0.07854,-0.48246,-0.05921,-0.57009,-0.31685,1.23461,-0.57545,0.88309,-0.01729,-0.89891,0.88113,0.7654,1
1744,0.49788,0.48246,1.16365,0.96082,-0.31685,-0.58016,0.47617,-0.58331,-0.30172,0.93949,-0.21712,-0.84637,0
999,-0.07854,0.48246,1.98437,-0.57009,-0.31685,-1.05308,0.80523,-0.31776,-0.15487,0.93949,-0.21712,-0.52593,1
302,-0.07854,0.48246,-0.61113,-0.57009,-0.31685,-0.24649,-0.43999,-1.55521,0.13136,0.58489,-1.37983,-1.54858,0
1486,-0.07854,0.48246,1.98437,0.96082,-0.31685,-1.05308,1.45421,-0.84732,0.94156,0.58489,-0.71126,-0.52593,0
296,-0.95197,0.48246,-1.43719,0.96082,-0.31685,-0.34799,0.47617,-0.17779,-0.60633,-0.14277,-0.71126,-0.84637,0
905,-0.95197,-0.48246,-1.22751,-0.57009,-0.31685,-0.05188,0.96248,-0.01928,0.43852,-0.65253,0.88113,1.2247,1
1721,-0.07854,0.48246,0.45468,0.96082,-0.31685,0.41667,1.11406,-1.11902,2.46262,1.30612,-1.37983,-1.54858,0
1541,-0.95197,0.48246,-0.61113,-0.57009,-0.31685,0.62967,-0.15487,1.88511,1.45039,0.12331,0.88113,-0.84637,1
1509,-0.95197,0.48246,0.45468,0.96082,-0.31685,1.02119,-0.69509,0.88309,-1.772,-0.40581,0.19268,0.40148,1
1256,1.09449,0.48246,0.45468,0.96082,-0.31685,1.37297,-0.69509,0.29338,1.45039,0.12331,-1.37983,-0.52593,0
1871,-0.95197,0.48246,-0.61113,-0.57009,-0.31685,1.13281,-0.43999,0.29338,-0.76096,-0.14277,1.86203,-0.21575,1
1042,0.49788,0.48246,1.16365,0.96082,-0.31685,0.62967,-0.15487,-1.97495,-0.15487,-1.0145,0.88113,0.40148,1
1274,0.49788,-0.48246,1.98437,-0.28519,-0.31685,1.72012,-0.15487,0.88309,-1.07533,-0.40581,-0.21712,-0.21575,0
790,-0.95197,-0.48246,-0.61113,0.96082,-0.31685,-2.05048,0.16767,0.7233,0.13136,0.7583,0.19268,1.2247,1
263,1.09449,-0.48246,1.16365,0.96082,-0.50212,-0.92104,0.80523,-0.31776,0.94156,0.25953,-1.37983,-1.54858,0
1877,-0.95197,-0.48246,-1.43719,-0.57009,-0.31685,0.73545,-1.23177,0.58331,-0.60633,-0.40581,0.52975,0.40148,1
1454,-0.95197,0.48246,0.45468,0.96082,-0.31685,0.31287,0.16767,-1.55521,0.43852,1.13407,-1.37983,-1.18084,0
470,-0.07854,-0.48246,0.45468,0.96082,-0.31685,-1.1943,1.74091,1.43533,0.76096,-0.00665,0.88113,1.2247,1
661,-0.07854,0.48246,1.16365,0.96082,-1.10702,-1.32828,0.47617,-0.01928,1.11406,0.12331,-1.37983,-1.54858,0
1578,-0.07854,0.48246,1.16365,0.96082,-0.31685,-0.24649,0.80523,-0.58331,1.45039,0.93949,0.19268,-0.84637,0
58,-0.07854,0.48246,0.45468,0.96082,-0.31685,-0.58016,0.63779,-1.97495,0.28783,0.7583,-0.71126,-0.52593,0
1495,-0.95197,-0.48246,-0.61113,-0.57009,-0.31685,2.127,-0.94779,-0.45174,-0.30172,-1.64101,1.29221,0.07987,1
1068,0.49788,-0.48246,0.45468,0.24923,-0.31685,-0.58016,-0.69509,-2.39883,-0.30172,-0.27607,-2.55524,-1.18084,0
610,-0.07854,-0.48246,0.45468,0.96082,-0.31685,-1.69163,1.2861,1.24033,0.13136,1.13407,0.52975,1.92173,1
1145,1.09449,-0.48246,0.45468,0.96082,-0.31685,0.22393,-1.09207,-0.71727,-0.30172,-0.65253,0.19268,-0.84637,1
370,-0.07854,-0.48246,-0.05921,0.96082,-0.31685,-0.05188,-0.94779,-1.68062,0.13136,0.7583,-0.21712,-0.84637,1
94,2.59171,0.48246,-1.7379,0.96082,-0.31685,-0.14882,-0.80615,-0.97631,0.76096,0.41594,-1.37983,-1.54858,0
650,-0.07854,0.48246,0.45468,0.96082,-0.31685,-0.14882,0.80523,-1.27553,-0.01729,2.04506,0.19268,-1.18084,1
1048,-0.95197,-0.48246,-0.61113,-0.57009,-0.31685,1.23461,-1.23177,0.44585,-0.01729,0.25953,-1.37983,-1.54858,1
289,-0.07854,-0.48246,-0.61113,0.96082,-0.31685,0.62967,0.32197,-0.71727,-0.30172,-0.00665,-0.21712,-1.54858,0
349,1.09449,-0.48246,1.16365,0.96082,-0.31685,-0.92104,0.80523,-0.01928,-0.01729,0.41594,-1.37983,-1.54858,1
813,1.09449,0.48246,0.45468,-0.57009,-0.31685,1.23461,1.74091,0.88309,-1.92595,-1.64101,0.88113,1.2247,1
268,0.49788,-0.48246,-0.05921,0.96082,-1.10702,-0.92104,1.45421,-1.27553,-0.45321,-0.00665,-0.21712,0.07987,0
950,0.49788,-0.48246,-0.05921,-0.57009,-0.31685,1.60383,-1.7625,-0.01928,0.13136,-1.5184,0.88113,-0.52593,1
454,-0.07854,-0.48246,0.45468,0.96082,-0.31685,1.23461,-1.7625,-0.31776,0.13136,0.41594,-1.37983,-0.21575,1
414,-0.07854,0.48246,0.45468,0.96082,-0.31685,0.13606,1.11406,-0.97631,0.43852,-0.27607,-0.71126,-0.52593,1
1219,-0.95197,-0.48246,-0.61113,-0.57009,-0.31685,0.41667,0.63779,-0.31776,-0.91699,-0.00665,0.19268,0.7654,1
1606,-0.07854,0.48246,0.45468,0.96082,-0.50212,-0.24649,2.127,-2.21069,-0.91699,-0.14277,1.29221,-0.21575,0
1227,-0.95197,-0.48246,0.45468,-0.57009,-0.31685,0.62967,1.45421,0.58331,0.13136,0.93949,0.19268,1.92173,1
189,1.09449,0.48246,-1.7379,0.96082,-0.31685,0.41667,-1.37639,-2.09015,0.59042,-0.27607,-1.37983,-2.07848,0
1511,-0.07854,-0.48246,-0.61113,-0.57009,-0.31685,0.91093,-2.11437,-0.17779,-0.45321,-0.89891,-1.37983,-0.84637,0
138,1.09449,0.48246,0.45468,0.96082,-0.31685,-1.1943,1.58487,0.29338,0.76096,0.41594,-2.55524,-1.18084,0
521,-0.07854,-0.48246,1.16365,0.96082,-0.31685,-0.14882,0.32197,-1.27553,1.11406,1.81175,0.52975,1.2247,1
1588,0.49788,0.48246,-0.05921,0.96082,-0.31685,-0.34799,0.80523,-1.68062,-0.60633,0.41594,-0.21712,-0.21575,0
232,2.59171,0.48246,1.16365,0.96082,-0.31685,0.13606,-1.09207,-0.45174,-0.45321,0.25953,-0.21712,-1.54858,0
301,0.49788,0.48246,-0.05921,-0.57009,-0.31685,0.82562,-0.94779,-0.17779,0.43852,0.58489,-0.71126,-0.84637,0
345,-0.95197,0.48246,-2.43591,0.96082,-0.31685,0.22393,-0.15487,-0.01928,-0.15487,-0.40581,0.88113,-0.84637,1
243,-0.95197,0.48246,-0.61113,0.96082,-0.31685,1.49158,-1.50796,-3.27393,0.76096,-0.89891,-1.37983,-1.54858,0
1483,1.09449,0.48246,1.98437,0.96082,-0.31685,-0.92104,0.00332,0.14143,0.13136,0.7583,-0.21712,-0.21575,0
425,0.49788,0.48246,0.45468,0.96082,0.126,-1.05308,0.80523,-0.71727,1.2861,0.93949,-0.21712,-0.84637,0
1595,-0.07854,0.48246,0.45468,0.96082,-0.31685,-0.24649,1.11406,-0.45174,-0.15487,0.41594,-0.71126,-0.84637,0
1879,-0.95197,-0.48246,-0.61113,-0.57009,0.126,-0.05188,-1.7625,0.58331,-0.76096,-0.14277,1.29221,1.2247,1
732,-0.95197,-0.48246,-0.61113,0.96082,-0.31685,-0.79151,1.2861,-0.31776,-0.15487,-0.52745,0.19268,0.40148,1
1666,-0.07854,0.48246,0.45468,0.96082,-0.31685,-0.58016,0.47617,-0.71727,2.03972,0.93949,0.19268,-0.21575,0
1800,1.82213,-0.48246,1.16365,0.96082,-0.31685,-0.58016,1.74091,-1.97495,-1.07533,1.63088,0.88113,0.40148,0
313,1.09449,0.48246,1.16365,0.96082,-0.31685,-0.34799,0.00332,-0.45174,0.28783,0.12331,-1.37983,-0.52593,0
1086,-0.95197,0.48246,0.45468,0.96082,-0.31685,-0.05188,-0.15487,0.44585,0.28783,0.41594,-1.37983,-0.21575,1
233,-0.07854,0.48246,0.45468,0.96082,-0.31685,0.04257,1.2861,-0.01928,0.13136,0.7583,0.52975,0.7654,0
1655,1.82213,-0.48246,-1.7379,0.96082,-0.31685,0.31287,-0.30033,-0.71727,-1.6209,0.41594,-0.21712,-1.18084,0
616,-0.07854,0.48246,-2.43591,-0.57009,-0.31685,-0.24649,0.63779,-0.71727,-0.91699,0.25953,1.29221,-0.21575,1
1650,-0.07854,0.48246,0.45468,0.96082,-0.31685,-0.14882,-0.30033,-0.84732,-0.30172,1.46191,-0.71126,-0.21575,0
1383,-0.95197,-0.48246,-0.61113,-0.28519,-0.31685,-1.32828,-0.30033,0.88309,1.11406,-1.0145,-0.71126,-0.21575,1
1616,1.82213,-0.48246,-0.05921,0.96082,-0.31685,0.62967,-1.50796,-1.55521,0.76096,-0.40581,0.19268,-0.21575,0
1137,-0.95197,-0.48246,-1.22751,-0.57009,-0.31685,1.37297,0.63779,-0.31776,-1.34289,-1.64101,1.29221,1.2247,1
1432,-0.95197,0.48246,-0.61113,-0.57009,-0.31685,1.23461,1.11406,-0.58331,-2.21844,-0.65253,1.86203,0.40148,1
1591,0.49788,0.48246,0.45468,0.96082,-0.31685,0.82562,-0.69509,-0.84732,1.45039,1.13407,-0.21712,0.40148,0
699,0.49788,-0.48246,0.45468,-0.57009,-0.31685,-0.05188,-0.94779,0.88309,-0.01729,-0.65253,-0.21712,-0.52593,1
1819,-0.07854,0.48246,0.45468,-0.57009,-0.31685,0.13606,0.63779,0.58331,-0.60633,-0.14277,1.86203,0.7654,1
756,-0.95197,-0.48246,-0.61113,-0.57009,-0.31685,-1.43907,1.58487,1.65653,0.76096,2.63199,-0.71126,-1.18084,1
1784,-0.07854,0.48246,-0.61113,0.96082,-0.22166,1.23461,-0.80615,-0.84732,-1.07533,-0.89891,1.29221,1.92173,0
677,-0.95197,-0.48246,-0.05921,0.96082,-0.31685,0.22393,0.00332,-1.68062,-0.15487,0.25953,0.88113,0.7654,1
1446,1.09449,0.48246,1.16365,0.96082,-0.31685,-1.43907,0.16767,0.29338,0.94156,1.13407,-1.37983,-1.18084,1
578,-0.07854,0.48246,1.16365,0.96082,0.1144,0.82562,0.32197,0.14143,0.59042,0.93949,-0.71126,-0.52593,0
544,0.49788,-0.48246,-1.43719,0.96082,-0.31685,0.73545,0.80523,0.88309,-1.21213,-1.0145,0.19268,1.2247,1
1331,-0.95197,-0.48246,0.45468,-0.57009,0.126,1.49158,-0.15487,-0.01928,1.81866,-1.13788,0.52975,0.40148,1
1007,-0.95197,0.48246,-1.22751,-0.57009,-0.31685,1.8399,-0.94779,0.88309,0.13136,-0.89891,-0.71126,-0.52593,0
634,-0.95197,0.48246,0.45468,0.96082,-0.31685,1.23461,-0.43999,-1.27553,-0.91699,0.7583,-1.37983,-2.07848,1
77,1.09449,0.48246,-1.43719,0.24923,-0.31685,-0.34799,-0.69509,-1.55521,0.43852,0.58489,-2.55524,-2.07848,0
543,1.09449,0.48246,0.45468,-0.28519,-1.10702,0.22393,0.80523,-0.01928,0.76096,0.41594,0.19268,0.07987,0
703,0.49788,0.48246,0.45468,0.96082,-0.31685,-0.34799,0.63779,0.58331,-0.30172,-0.00665,0.88113,0.7654,1
808,-0.95197,-0.48246,-1.43719,-0.09765,-0.31685,-0.34799,0.80523,0.7233,0.59042,-0.89891,1.86203,1.2247,1
516,0.49788,-0.48246,-1.7379,0.96082,-0.31685,0.91093,-0.30033,-1.55521,-0.45321,-0.27607,-0.21712,-0.21575,0
270,0.49788,0.48246,1.16365,0.96082,-1.10702,-0.92104,0.16767,-0.84732,-0.76096,0.12331,-1.37983,-2.07848,0
469,0.49788,-0.48246,0.45468,0.96082,-0.31685,-0.05188,0.16767,-0.71727,-0.30172,0.12331,-1.37983,-1.18084,0
740,-0.07854,-0.48246,1.16365,-0.28519,-0.31685,-0.05188,-1.37639,0.44585,-0.45321,-0.52745,0.19268,0.7654,1
108,0.49788,0.48246,-1.7379,0.96082,-0.31685,0.13606,0.00332,-1.27553,-0.76096,0.58489,0.52975,-0.21575,0
698,1.09449,0.48246,0.45468,0.24923,0.1144,-1.69163,-0.30033,1.06238,1.61108,-0.00665,-0.71126,0.07987,1
572,0.49788,0.48246,-0.05921,-0.09765,-0.31685,0.22393,1.11406,-1.11902,-1.772,-0.40581,0.52975,0.7654,0
1725,1.09449,0.48246,-0.05921,0.96082,-0.31685,-1.32828,0.16767,-0.58331,0.28783,0.58489,-1.37983,-0.84637,1
293,1.09449,0.48246,-0.05921,0.96082,-0.31685,-0.05188,-0.15487,-0.58331,-0.60633,0.41594,-0.71126,-0.52593,0
1579,1.09449,0.48246,0.45468,0.96082,-0.31685,-1.05308,-0.15487,-1.11902,-0.45321,0.58489,-1.37983,-0.84637,0
633,-0.95197,0.48246,0.45468,0.96082,-0.31685,0.41667,-0.15487,-0.31776,2.23427,1.13407,-1.37983,-0.52593,0
943,-0.07854,-0.48246,-0.05921,-0.57009,0.1144,-0.46725,2.32338,2.44904,1.2861,1.30612,-0.21712,0.40148,1
90,0.49788,0.48246,1.16365,0.96082,-0.31685,0.91093,-0.57545,0.29338,-0.60633,-0.27607,0.52975,-0.21575,0
692,-0.07854,0.48246,0.45468,0.96082,-0.31685,-0.14882,-0.15487,-0.97631,0.13136,0.41594,-0.71126,-0.52593,0
356,0.49788,-0.48246,-0.05921,0.96082,-0.31685,0.22393,-0.15487,-0.01928,0.28783,-0.27607,-0.71126,0.40148,1
711,-0.95197,-0.48246,0.45468,0.96082,-0.31685,0.91093,0.16767,0.58331,-0.60633,-1.25773,0.19268,1.2247,1
881,-0.07854,-0.48246,1.16365,-0.57009,-0.31685,1.23461,0.00332,-0.31776,-0.15487,-0.14277,1.29221,0.7654,1
1641,0.49788,0.48246,-0.05921,0.96082,-0.31685,0.31287,0.63779,-0.58331,0.59042,0.12331,0.52975,0.07987,0
573,-0.95197,0.48246,1.16365,0.96082,-0.31685,-1.69163,1.93886,-0.17779,1.11406,1.81175,0.19268,0.7654,0
403,1.09449,-0.48246,-1.7379,0.96082,-0.31685,0.13606,-1.09207,-0.45174,-1.6209,-0.65253,1.86203,1.2247,1
168,-0.07854,0.48246,-0.05921,0.96082,-1.10702,0.04257,0.00332,-0.97631,-0.45321,0.93949,0.52975,-0.52593,0
603,-0.95197,-0.48246,-0.61113,-0.57009,-0.31685,0.52135,-1.6334,-1.11902,-2.07848,0.58489,0.52975,1.2247,1
887,-0.07854,-0.48246,-0.61113,-0.28519,-0.31685,1.02119,-2.72827,0.14143,-0.01729,-0.14277,0.19268,0.07987,1
1445,0.49788,0.48246,1.16365,0.96082,-0.31685,-0.67825,-0.43999,-1.11902,1.81866,0.93949,-0.71126,-0.84637,1
1300,-0.07854,-0.48246,-0.61113,-0.57009,-0.31685,0.91093,-0.15487,1.65653,0.13136,0.25953,0.52975,1.2247,1
665,-0.95197,-0.48246,0.45468,0.96082,-0.31685,-0.34799,-0.43999,0.58331,0.28783,-0.52745,0.52975,0.7654,1
1682,1.09449,0.48246,-0.61113,0.96082,-0.31685,-0.24649,1.58487,-0.84732,1.2861,0.58489,-0.71126,-0.84637,0
490,-0.07854,-0.48246,-1.7379,0.96082,-0.31685,0.41667,-1.37639,0.14143,0.76096,-0.40581,-0.21712,1.2247,1
187,0.49788,0.48246,1.16365,0.96082,-0.31685,-0.67825,1.45421,0.14143,0.28783,1.81175,-1.37983,-1.54858,1
70,1.09449,0.48246,-1.7379,0.96082,-0.31685,-0.05188,-0.69509,-1.68062,0.28783,-0.00665,-1.37983,-0.84637,0
144,0.49788,-0.48246,-0.05921,0.96082,-1.10702,-1.69163,1.2861,-0.58331,1.2861,2.04506,-0.71126,-0.52593,0
1113,-0.95197,0.48246,-0.61113,-0.57009,-0.31685,0.22393,-0.15487,-0.31776,2.23427,1.46191,-1.37983,-1.18084,1
904,-0.07854,0.48246,1.16365,-0.57009,-0.31685,0.22393,-0.69509,0.29338,-0.60633,-1.13788,0.52975,0.40148,1
647,-0.95197,0.48246,0.45468,0.96082,-0.31685,-0.46725,-0.15487,-0.31776,-0.15487,0.7583,-0.21712,-0.52593,0
1476,-0.07854,0.48246,-0.61113,-0.57009,-0.31685,2.46262,-1.92173,-0.58331,-2.35413,-2.30408,1.29221,1.2247,1
562,-0.95197,0.48246,0.45468,0.96082,-0.31685,1.02119,0.16767,-0.71727,0.28783,0.41594,-0.71126,-0.52593,0
207,-0.95197,0.48246,0.45468,0.96082,-0.31685,-0.05188,1.2861,0.58331,0.13136,0.41594,0.88113,0.07987,0
413,0.49788,0.48246,-0.61113,-0.28519,-0.31685,-0.46725,-1.50796,0.29338,0.13136,-1.64101,-0.21712,-0.84637,1
1268,0.49788,0.48246,-0.05921,0.96082,-0.31685,0.13606,-1.09207,-0.45174,0.59042,0.25953,-1.37983,-2.07848,0
1178,-0.95197,-0.48246,-0.61113,-0.28519,-0.31685,0.82562,-0.15487,-0.01928,-1.34289,-0.89891,-1.37983,0.07987,1
376,1.82213,0.48246,1.16365,0.96082,-0.31685,-0.24649,1.2861,0.88309,1.61108,1.13407,-0.71126,-1.18084,0
1510,-0.07854,0.48246,-0.05921,-0.57009,-0.31685,0.73545,-1.23177,0.7233,0.59042,-0.00665,0.52975,0.7654,1
446,1.09449,0.48246,0.45468,0.96082,-0.31685,1.02119,-0.94779,-0.58331,-0.91699,0.41594,-0.21712,-1.54858,0
942,-0.07854,0.48246,-1.22751,-0.28519,-0.31685,0.91093,1.2861,1.06238,-0.76096,1.46191,0.19268,0.40148,1
417,-0.95197,-0.48246,-1.22751,0.96082,-0.31685,-0.58016,-1.09207,-0.58331,-2.07848,2.63199,-0.21712,0.7654,1
1785,-0.95197,-0.48246,-0.61113,-0.57009,-1.10702,1.02119,-1.09207,-0.45174,-0.15487,-1.25773,0.19268,0.40148,1
702,1.09449,-0.48246,-2.43591,0.96082,-0.31685,-1.05308,1.11406,0.44585,0.76096,1.13407,-0.71126,0.40148,1
1264,1.09449,0.48246,0.45468,0.96082,-0.31685,0.04257,-0.15487,-0.71727,0.28783,0.58489,-0.71126,-0.21575,1
1772,1.82213,-0.48246,-0.61113,-0.57009,-0.31685,-0.24649,-1.37639,-0.17779,-1.34289,0.93949,0.52975,-0.84637,1
774,1.09449,0.48246,-0.05921,0.24923,-0.31685,1.02119,-1.23177,-0.31776,-0.30172,-0.52745,-0.21712,-0.21575,1
1503,-0.95197,-0.48246,0.45468,-0.57009,-0.31685,0.41667,-1.92173,0.88309,-0.15487,-0.52745,0.19268,-0.52593,0
63,-0.07854,-0.48246,0.45468,0.96082,-0.31685,-0.58016,-1.37639,-1.82919,-1.34289,0.41594,-1.37983,-1.18084,0
260,2.59171,-0.48246,-0.05921,0.96082,-0.31685,-1.05308,-0.30033,0.29338,0.43852,0.7583,-0.21712,-0.52593,0
557,1.09449,0.48246,1.16365,0.96082,-0.31685,0.22393,-0.94779,-1.11902,-0.01729,0.93949,-0.71126,-1.18084,0
1448,-0.07854,0.48246,1.16365,0.96082,-0.31685,0.04257,0.63779,-1.11902,-0.60633,1.81175,-0.21712,0.07987,0
754,-0.07854,0.48246,1.16365,0.96082,-0.31685,0.41667,1.11406,-0.58331,1.2861,0.41594,0.19268,0.40148,1
1240,-0.95197,0.48246,0.45468,0.96082,-0.31685,-0.05188,0.16767,0.44585,-1.34289,0.41594,0.52975,0.7654,0
37,0.49788,-0.48246,0.45468,0.96082,-0.31685,-0.24649,-0.57545,-0.17779,-0.01729,-1.5184,-0.21712,-0.21575,0
104,1.09449,0.48246,-0.05921,0.24923,-0.31685,0.04257,0.63779,-0.31776,-0.30172,0.12331,0.19268,0.7654,0
1047,-0.07854,0.48246,1.16365,-0.57009,-0.31685,1.37297,1.2861,1.88511,-2.5383,-1.25773,1.29221,1.2247,1
1688,-0.07854,0.48246,-0.05921,0.24923,-0.31685,1.49158,-2.32338,-1.11902,2.03972,-0.27607,-0.71126,-1.54858,0
1338,-0.95197,0.48246,0.45468,0.96082,-1.10702,0.13606,0.00332,-0.45174,-0.76096,0.7583,0.19268,-0.21575,0
410,-0.07854,-0.48246,0.45468,0.96082,-0.31685,-0.67825,0.16767,0.58331,0.13136,-0.27607,0.19268,-1.54858,1
1155,-0.95197,-0.48246,-1.22751,-0.28519,-0.31685,0.52135,-0.80615,-0.17779,-0.15487,-1.92173,0.52975,1.2247,1
984,-0.07854,0.48246,0.45468,-0.57009,-0.31685,0.62967,-0.15487,1.88511,-1.772,1.13407,0.52975,1.2247,1
1251,0.49788,0.48246,1.16365,0.96082,-0.31685,-0.92104,-0.15487,0.44585,-0.45321,1.13407,-0.71126,-0.52593,0
784,-0.95197,0.48246,-0.61113,-0.57009,-0.31685,0.82562,-0.43999,0.88309,0.43852,-0.52745,0.52975,1.2247,1
540,0.49788,0.48246,0.45468,0.96082,-0.31685,1.13281,-0.30033,-0.01928,0.59042,0.58489,0.19268,0.40148,0
445,1.09449,0.48246,-0.05921,0.96082,-0.31685,-0.46725,0.80523,0.58331,0.13136,0.7583,-2.55524,-0.84637,0
1609,-0.07854,-0.48246,-0.61113,-0.57009,-0.31685,-0.24649,-1.09207,2.44904,-0.91699,-0.65253,1.29221,0.7654,1
1262,-0.07854,0.48246,-0.61113,0.96082,-0.31685,1.49158,-0.57545,1.06238,1.11406,-0.78155,1.86203,0.07987,0
46,-0.07854,0.48246,0.45468,0.96082,-0.31685,-0.46725,0.47617,1.24033,0.94156,1.63088,-1.37983,-2.07848,0
380,-0.07854,-0.48246,1.16365,-0.28519,-0.31685,0.82562,-0.94779,0.58331,0.59042,0.7583,0.52975,-0.21575,0
783,-0.95197,-0.48246,-0.61113,-0.57009,0.1144,1.13281,-1.23177,0.29338,-0.01729,-1.13788,1.86203,1.92173,1
620,-0.07854,0.48246,0.45468,0.96082,-0.31685,-0.05188,1.11406,0.88309,0.13136,-0.00665,0.52975,0.07987,1
107,-0.07854,0.48246,-0.61113,0.96082,-0.31685,1.02119,-0.30033,-1.82919,0.28783,-0.40581,-1.37983,-0.84637,0
1728,-0.95197,0.48246,-1.7379,0.96082,-0.31685,-1.69163,0.32197,-1.82919,1.81866,0.7583,-0.21712,-1.18084,0
277,1.82213,-0.48246,1.98437,0.96082,-0.31685,-0.92104,0.47617,-0.58331,-0.30172,-0.52745,-0.21712,-0.52593,0
714,-0.95197,-0.48246,0.45468,-0.57009,-0.31685,0.52135,0.80523,0.88309,1.81866,-0.00665,0.88113,0.7654,1
1679,1.09449,0.48246,-0.05921,0.96082,-0.31685,-0.24649,0.80523,-1.68062,1.2861,1.13407,-0.71126,-1.54858,0
126,1.82213,-0.48246,0.45468,0.96082,-0.31685,-0.46725,1.2861,0.44585,0.13136,1.13407,0.52975,0.40148,0
269,1.09449,0.48246,1.16365,0.96082,-0.31685,-1.05308,1.74091,0.58331,0.43852,2.04506,-0.21712,-0.52593,1
1868,-0.07854,-0.48246,-0.61113,-0.57009,-0.31685,-2.05048,0.00332,2.15324,-0.91699,0.41594,-0.21712,0.40148,1
166,1.09449,-0.48246,1.16365,0.96082,-0.31685,-0.24649,-0.30033,-0.31776,-0.45321,1.63088,-1.37983,-0.84637,1
1760,0.49788,-0.48246,1.16365,-0.28519,-0.31685,-0.24649,-1.7625,-0.01928,-0.30172,0.25953,-0.21712,-1.54858,1
167,-0.95197,-0.48246,-0.61113,0.96082,-0.31685,1.49158,-1.23177,0.7233,-2.35413,-1.92173,0.88113,0.07987,1
796,-0.95197,-0.48246,-0.61113,-0.57009,-0.31685,1.13281,-0.57545,-0.31776,-0.60633,1.13407,-0.71126,-0.21575,1
1392,-0.95197,-0.48246,-0.61113,-0.57009,0.126,-0.46725,2.127,1.88511,-0.60633,-1.25773,1.86203,1.92173,1
1154,1.82213,0.48246,1.16365,-0.57009,0.1144,0.31287,-0.69509,-0.71727,-1.21213,-0.27607,0.52975,1.92173,0
1882,-0.95197,-0.48246,0.45468,0.24923,-0.31685,-0.05188,-1.7625,0.88309,-0.76096,2.33337,-0.71126,-0.21575,1
1468,1.82213,0.48246,0.45468,-0.57009,-0.31685,-1.86962,0.80523,0.88309,1.61108,0.93949,-0.21712,0.07987,1
1242,0.49788,0.48246,0.45468,0.96082,-0.31685,1.02119,-1.37639,-0.45174,-0.15487,-0.89891,-0.21712,-0.52593,0
141,-0.07854,0.48246,0.45468,0.96082,-0.50212,1.98437,0.32197,1.43533,0.94156,-0.27607,-0.71126,-0.21575,0
981,-0.07854,0.48246,1.98437,-0.57009,-0.50212,0.62967,0.16767,0.7233,-0.60633,-0.27607,-0.71126,-0.84637,1
216,-0.07854,0.48246,0.45468,0.24923,-0.31685,1.60383,-0.30033,-0.71727,1.11406,-0.40581,0.19268,0.07987,1
1313,0.49788,0.48246,1.16365,-0.57009,-0.31685,-1.05308,1.93886,0.88309,-0.45321,1.81175,-0.71126,0.07987,1
214,1.09449,0.48246,-0.05921,0.21128,-0.31685,0.52135,-0.15487,-1.27553,0.94156,0.12331,-1.37983,-1.54858,0
1126,-0.07854,-0.48246,-1.22751,0.96082,-0.31685,-1.05308,0.00332,-2.39883,0.43852,-0.00665,1.29221,0.07987,1
75,2.59171,0.48246,-1.7379,0.96082,-0.31685,-1.1943,-1.7625,-2.8595,-1.47955,0.25953,0.52975,-2.07848,0
696,0.49788,0.48246,1.16365,0.96082,-0.31685,-0.14882,-0.43999,-0.01928,1.2861,1.81175,-0.71126,-1.18084,0
310,0.49788,-0.48246,1.16365,0.96082,-0.31685,-0.79151,0.16767,-0.17779,0.59042,0.41594,-1.37983,-2.07848,0
433,-0.07854,-0.48246,0.45468,0.96082,-0.31685,-0.24649,-0.30033,-1.68062,0.28783,0.12331,-0.71126,-1.18084,0
475,0.49788,0.48246,-0.61113,-0.57009,-0.31685,1.37297,0.00332,-0.45174,-0.76096,-0.52745,0.88113,-0.21575,1
1364,-0.07854,0.48246,1.16365,0.96082,-0.31685,0.31287,-0.57545,0.14143,0.59042,2.04506,-0.21712,0.07987,0
1873,-0.95197,-0.48246,-0.61113,-0.57009,-0.31685,-0.14882,1.11406,1.43533,-0.30172,-0.00665,0.19268,0.7654,1
463,0.49788,-0.48246,-0.61113,0.96082,-0.31685,0.82562,0.47617,1.43533,0.13136,-2.30408,1.29221,1.2247,1
1657,-0.95197,0.48246,0.45468,0.96082,-0.31685,1.72012,-1.23177,-0.71727,-0.60633,0.12331,-1.37983,0.40148,1
534,-0.95197,0.48246,0.45468,0.96082,-0.31685,-0.24649,0.16767,-0.71727,1.61108,1.13407,0.19268,-1.18084,0
1281,-0.95197,-0.48246,0.45468,0.96082,-0.50212,0.82562,0.63779,-0.84732,-2.21844,0.93949,1.86203,1.92173,0
550,-0.95197,-0.48246,0.45468,0.96082,-0.31685,1.23461,-0.43999,0.14143,0.13136,-1.78169,0.52975,-1.18084,0
1884,-0.95197,0.48246,-0.61113,-0.57009,-0.31685,-1.1943,1.74091,1.88511,0.76096,-1.13788,0.88113,1.92173,1
128,1.09449,0.48246,-1.43719,0.96082,-0.31685,-0.34799,-0.80615,-0.84732,0.28783,0.93949,-1.37983,-2.07848,0
311,1.09449,0.48246,0.45468,0.96082,-0.31685,-1.32828,-0.15487,-0.84732,0.13136,0.58489,-1.37983,-1.54858,0
1738,1.09449,-0.48246,-0.05921,0.96082,-0.31685,-1.32828,-0.30033,-0.17779,0.43852,-0.00665,-0.21712,-0.52593,0
856,-0.95197,0.48246,-0.61113,-0.57009,-0.31685,-0.34799,0.16767,-0.01928,-0.15487,-1.0145,1.29221,0.7654,1
1883,-0.95197,-0.48246,-0.61113,-0.28519,-0.31685,-0.79151,0.32197,0.29338,-0.30172,-0.27607,0.88113,0.7654,1
1734,1.09449,-0.48246,-0.05921,0.96082,-0.31685,-0.92104,-0.30033,-1.55521,-0.01729,0.12331,-1.37983,-1.54858,0
1589,0.49788,-0.48246,-1.7379,0.96082,-0.31685,-1.32828,2.127,-0.58331,-0.60633,0.12331,-0.21712,-0.21575,0
95,1.09449,-0.48246,1.16365,0.96082,-0.31685,-0.67825,-0.57545,-0.97631,0.59042,-0.14277,-1.37983,-2.07848,1
212,1.09449,0.48246,-1.7379,0.96082,-0.31685,-0.67825,-0.57545,-1.11902,1.11406,0.93949,-1.37983,-2.07848,0
576,0.49788,0.48246,0.45468,0.96082,-0.31685,2.127,-1.50796,-1.82919,0.59042,-1.78169,-0.71126,-1.54858,1
36,2.59171,-0.48246,-2.43591,0.96082,-0.31685,-0.24649,-0.80615,-2.63199,-0.30172,-0.78155,0.52975,-1.54858,0
1417,-0.95197,-0.48246,-0.61113,-0.09765,-0.31685,-1.1943,-1.09207,-0.84732,0.28783,0.25953,-1.37983,-0.52593,1
303,0.49788,0.48246,1.98437,0.96082,-0.31685,0.52135,-0.43999,-0.71727,0.59042,0.93949,-0.71126,-0.84637,0
1000,-0.95197,-0.48246,-0.61113,-0.57009,-0.31685,-0.67825,0.47617,-0.17779,0.13136,1.46191,-0.71126,-1.18084,1
1377,0.49788,-0.48246,0.45468,-0.28519,-0.31685,1.49158,-0.57545,0.88309,-1.6209,-0.40581,-0.21712,0.7654,1
1830,-0.07854,0.48246,0.45468,-0.57009,0.1144,0.82562,-1.6334,-0.31776,-1.47955,-1.13788,-1.37983,-1.18084,1
1700,-0.07854,0.48246,1.16365,-0.57009,-0.31685,-1.69163,0.80523,0.7233,-0.15487,-0.00665,-0.21712,0.07987,1
561,1.09449,0.48246,0.45468,0.96082,-0.31685,-0.79151,0.00332,0.44585,0.28783,1.13407,0.19268,-0.52593,1
1768,-0.95197,-0.48246,-0.61113,-0.57009,-0.31685,0.31287,-1.92173,0.14143,1.2861,2.63199,-1.37983,-0.52593,1
723,1.82213,-0.48246,-0.05921,0.96082,-0.31685,-0.05188,-0.30033,-0.01928,-0.60633,-0.40581,-1.37983,-1.18084,1
1050,-0.95197,-0.48246,-0.05921,0.96082,-0.31685,-1.1943,0.63779,-0.01928,0.28783,-0.52745,-0.21712,-0.52593,1
626,0.49788,0.48246,1.98437,0.96082,-0.31685,0.04257,0.00332,-1.27553,-0.01729,0.25953,-1.37983,-0.21575,1
1497,-0.95197,-0.48246,-0.61113,0.96082,-0.31685,-0.79151,-0.94779,-0.01928,-0.60633,-0.40581,-0.71126,0.07987,1
1516,-0.95197,-0.48246,-0.61113,-0.57009,-0.31685,1.02119,-0.43999,-0.01928,-1.34289,-1.13788,1.86203,1.2247,1
1342,0.49788,-0.48246,-1.22751,-0.57009,-1.10702,0.73545,-1.37639,-0.97631,-0.30172,-0.52745,-0.71126,0.40148,1
895,-0.07854,-0.48246,-0.61113,-0.57009,-0.31685,1.02119,-1.50796,0.29338,-3.00537,-1.5184,1.29221,1.92173,1
1524,-0.95197,-0.48246,-0.61113,-0.57009,-0.31685,0.82562,2.127,1.88511,0.13136,-0.65253,1.86203,1.92173,1
1323,-0.95197,0.48246,0.45468,-0.28519,-0.31685,0.22393,0.32197,2.44904,0.43852,-1.64101,0.19268,-0.21575,1
34,-0.95197,-0.48246,0.45468,0.96082,-0.31685,0.41667,-0.30033,0.29338,1.2861,-0.14277,-0.71126,-1.54858,0
1838,0.49788,0.48246,-0.61113,-0.57009,-0.31685,0.31287,-1.50796,0.44585,0.76096,-0.27607,-0.21712,0.7654,1
1402,-0.07854,0.48246,0.45468,0.96082,-0.31685,0.62967,0.16767,0.14143,1.2861,0.41594,-0.71126,-1.18084,0
291,0.49788,0.48246,-0.05921,0.96082,-1.10702,-0.92104,0.96248,-0.84732,1.45039,0.93949,-1.37983,-1.54858,0
1202,-0.07854,0.48246,0.45468,-0.28519,-0.31685,0.13606,-1.6334,0.44585,0.94156,-1.64101,-0.21712,-0.84637,0
451,-0.95197,0.48246,0.45468,0.96082,-0.31685,0.73545,-0.15487,-0.84732,0.59042,-1.0145,0.52975,0.07987,1
56,1.82213,0.48246,-0.05921,0.96082,-0.31685,0.04257,-0.69509,-1.11902,-0.45321,-0.40581,-1.37983,-2.07848,0
1735,1.09449,0.48246,-0.05921,0.96082,-0.31685,-1.05308,0.80523,-0.58331,0.94156,1.46191,0.19268,0.07987,0
1170,1.09449,-0.48246,-0.05921,-0.57009,-0.31685,0.41667,-0.15487,-0.17779,-1.92595,-1.0145,0.52975,0.40148,1
204,2.59171,-0.48246,-2.43591,0.96082,-0.31685,-1.55078,-1.09207,-2.39883,-0.91699,-0.65253,-1.37983,-2.07848,0
638,1.09449,0.48246,0.45468,0.96082,-0.31685,-0.67825,0.32197,-0.45174,0.43852,-0.00665,0.19268,-0.21575,1
1465,-0.07854,-0.48246,1.16365,0.96082,-0.31685,-2.75696,1.2861,-0.58331,0.76096,-0.52745,0.52975,0.07987,0
1036,-0.95197,-0.48246,-0.05921,0.96082,-0.31685,0.52135,0.47617,1.88511,-0.01729,-0.52745,0.52975,0.7654,1
1580,1.09449,0.48246,1.16365,0.96082,-0.31685,0.41667,-0.43999,1.43533,1.2861,0.7583,-0.21712,-0.52593,1
1642,1.09449,0.48246,-0.05921,0.96082,-0.31685,1.02119,0.00332,-0.17779,0.94156,0.93949,0.19268,-0.84637,0
117,0.49788,-0.48246,-0.05921,0.24923,-0.31685,0.62967,-0.57545,0.14143,-1.772,-0.40581,0.52975,-0.21575,1
388,1.09449,-0.48246,-1.22751,0.96082,-0.31685,-2.05048,0.47617,-1.11902,1.61108,0.58489,-0.71126,-0.52593,0
1639,1.09449,0.48246,-1.7379,0.96082,-0.31685,0.22393,-0.57545,-0.71727,0.28783,0.41594,-0.71126,-0.52593,0
1605,1.09449,-0.48246,-1.7379,0.96082,-0.31685,-0.34799,1.93886,-0.01928,0.76096,1.30612,-1.37983,-0.84637,0
1328,-0.95197,-0.48246,-0.61113,-0.57009,-0.31685,-1.32828,-0.30033,0.14143,1.2861,1.13407,0.19268,-0.21575,1
421,-0.07854,-0.48246,0.45468,0.96082,-0.31685,0.62967,0.16767,-0.17779,-0.30172,0.12331,0.19268,-0.52593,0
1491,-0.07854,0.48246,1.98437,0.96082,-0.31685,1.37297,-0.69509,-0.58331,-1.47955,1.13407,0.88113,-2.07848,1
165,-0.07854,0.48246,1.98437,0.96082,-0.31685,0.13606,0.32197,-1.55521,1.45039,1.13407,-1.37983,-0.52593,1
306,1.09449,0.48246,0.45468,0.96082,-0.31685,-1.05308,-2.32338,-1.27553,1.61108,0.12331,-0.71126,-1.54858,0
1399,-0.95197,-0.48246,-0.61113,0.96082,-0.31685,-0.79151,1.11406,-0.01928,1.2861,2.04506,0.88113,0.40148,1
635,-0.07854,0.48246,1.16365,0.96082,-0.31685,-0.67825,1.74091,0.44585,0.13136,0.25953,-0.71126,0.07987,1
1603,1.82213,0.48246,1.16365,0.96082,-0.31685,0.31287,0.47617,1.06238,-0.30172,-0.78155,0.52975,0.7654,0
50,-0.07854,0.48246,1.16365,0.96082,-0.22166,0.82562,-0.57545,-1.97495,-0.91699,0.25953,0.52975,1.2247,0
282,1.09449,0.48246,-0.61113,0.96082,-0.31685,0.04257,-0.30033,-2.21069,-0.15487,-0.14277,-0.71126,-0.84637,0
1640,1.09449,0.48246,-0.05921,0.96082,-0.31685,-0.05188,0.16767,-0.97631,-0.15487,-0.27607,0.19268,-1.18084,0
823,-0.95197,-0.48246,-0.61113,0.96082,-0.31685,-0.05188,1.11406,0.7233,-0.45321,0.41594,-0.21712,1.2247,0
1375,1.09449,-0.48246,0.45468,0.96082,0.1144,-0.58016,-0.57545,-0.01928,-0.15487,-0.14277,-1.37983,-1.18084,1
240,1.09449,0.48246,-0.05921,0.96082,-0.31685,-1.86962,0.63779,0.7233,1.61108,0.25953,-1.37983,-0.84637,0
119,0.49788,0.48246,-0.61113,-0.57009,-0.31685,1.8399,-1.92173,-2.39883,1.11406,0.25953,-0.21712,-1.54858,1
1460,-0.95197,0.48246,0.45468,0.96082,-0.31685,-0.92104,0.80523,-0.01928,1.11406,-0.65253,-0.21712,-0.84637,1
361,-0.07854,0.48246,-0.61113,0.96082,-0.31685,-0.58016,1.58487,0.58331,0.13136,0.41594,1.29221,1.92173,1
1080,1.09449,-0.48246,-0.05921,0.96082,-0.31685,-1.55078,0.96248,-0.31776,-0.45321,0.25953,-0.21712,-1.54858,0
1195,-0.95197,-0.48246,-0.61113,-0.57009,-0.31685,-2.75696,1.11406,1.06238,1.61108,-0.52745,0.19268,0.40148,1
41,0.49788,-0.48246,1.16365,0.96082,-0.31685,0.04257,-0.43999,-0.01928,-2.07848,0.7583,-0.71126,0.07987,0
1526,-0.95197,-0.48246,-1.7379,-0.09765,-0.31685,0.82562,1.2861,0.29338,-1.21213,-0.89891,0.88113,1.92173,1
1575,1.09449,0.48246,-0.05921,0.96082,-0.31685,1.02119,0.32197,0.7233,1.61108,-0.52745,0.88113,-0.84637,0
1457,1.09449,0.48246,1.16365,0.96082,-0.31685,-2.05048,0.63779,0.14143,1.45039,1.63088,-0.71126,-0.84637,0
242,-0.07854,0.48246,-1.22751,-0.28519,-0.31685,2.127,-1.23177,-0.84732,0.76096,-1.0145,0.19268,-1.18084,1
489,0.49788,0.48246,-1.22751,-0.57009,-0.31685,1.8399,-1.7625,1.24033,-1.07533,0.25953,0.19268,-0.52593,1
1408,-0.07854,0.48246,1.16365,0.96082,-0.31685,-0.79151,0.80523,1.24033,1.2861,0.41594,0.19268,1.2247,1
1611,1.09449,0.48246,0.45468,0.96082,-0.31685,0.22393,0.63779,-0.97631,0.76096,-0.52745,-1.37983,-2.07848,0
1010,-0.95197,0.48246,-1.22751,0.96082,-0.31685,1.23461,0.96248,0.44585,-0.30172,-0.27607,0.52975,0.40148,1
14,1.82213,0.48246,-0.05921,0.24923,-0.31685,-0.79151,0.80523,-0.01928,0.94156,3.46436,-0.71126,-0.84637,0
1411,-0.07854,0.48246,0.45468,0.96082,-0.31685,-0.58016,-0.43999,0.58331,1.45039,1.30612,-0.71126,-1.18084,0
1193,-0.95197,0.48246,-0.61113,-0.57009,-0.31685,0.62967,0.63779,0.44585,0.13136,-2.57309,1.86203,1.2247,0
426,1.09449,0.48246,1.98437,-0.57009,-0.31685,0.52135,0.00332,1.65653,0.94156,-0.00665,1.29221,0.40148,1
448,-0.07854,-0.48246,1.16365,0.96082,-0.31685,0.04257,-0.15487,-0.84732,-0.76096,-1.13788,1.29221,0.07987,1
547,0.49788,0.48246,-0.05921,0.96082,-0.31685,1.60383,0.16767,-0.45174,0.59042,-0.78155,-0.71126,-0.21575,0
286,0.49788,-0.48246,0.45468,0.96082,-0.31685,-0.92104,1.2861,-0.71727,-0.30172,0.25953,-1.37983,-0.21575,0
694,0.49788,-0.48246,1.16365,0.96082,-0.31685,-1.1943,-0.30033,0.14143,0.43852,0.58489,-1.37983,-0.84637,1
1008,-0.95197,-0.48246,-0.61113,-0.57009,-0.31685,-0.05188,0.16767,1.65653,0.94156,-0.00665,0.19268,0.40148,1
164,-0.07854,0.48246,-0.61113,0.96082,-0.31685,1.8399,0.00332,-0.31776,0.94156,0.12331,-0.21712,-0.84637,0
139,1.82213,-0.48246,0.45468,0.96082,-0.31685,-0.46725,-0.80615,0.14143,0.28783,0.93949,-1.37983,-1.18084,1
1828,-0.07854,0.48246,0.45468,-0.57009,-0.31685,-1.05308,-1.50796,0.14143,0.28783,0.25953,-0.21712,0.7654,1
133,0.49788,0.48246,-1.22751,0.21128,-0.31685,-0.24649,-0.57545,-0.58331,-0.15487,0.25953,-1.37983,-1.54858,0
401,1.09449,-0.48246,1.16365,0.96082,-0.31685,-0.92104,1.2861,1.43533,0.94156,0.58489,-0.71126,-1.18084,1
181,1.09449,0.48246,-0.05921,0.96082,-0.31685,0.31287,0.63779,-1.55521,0.28783,0.93949,0.19268,0.07987,0
252,0.49788,0.48246,0.45468,0.96082,-0.31685,0.62967,-0.94779,-0.71727,-0.15487,0.7583,-1.37983,-1.54858,0
1334,-0.95197,-0.48246,0.45468,-0.57009,-0.31685,0.41667,-0.30033,0.44585,-0.91699,0.25953,0.52975,0.40148,1
67,1.09449,-0.48246,-1.7379,0.96082,-0.31685,-1.05308,-0.69509,-1.11902,1.2861,0.41594,-0.71126,-1.18084,0
177,0.49788,0.48246,0.45468,0.96082,0.1144,-0.14882,-0.57545,-0.84732,-1.21213,-0.52745,-1.37983,-1.18084,0
1689,-0.07854,0.48246,1.16365,-0.57009,-0.31685,0.13606,0.96248,1.65653,0.43852,-0.27607,0.52975,0.07987,1
60,1.09449,-0.48246,0.45468,0.96082,-0.31685,-0.46725,-1.23177,-1.27553,-1.6209,-0.14277,-1.37983,-1.54858,0
1745,1.82213,0.48246,-0.61113,0.96082,-0.31685,-0.46725,-0.94779,-1.42424,0.43852,-0.00665,-0.71126,-0.52593,0
536,0.49788,0.48246,1.16365,0.96082,-0.31685,-1.86962,2.32338,-0.45174,1.45039,1.46191,0.19268,-1.18084,0
1407,-0.07854,0.48246,0.45468,0.96082,-0.31685,0.22393,-0.57545,-1.55521,0.43852,-1.38502,-1.37983,-0.84637,1
1675,1.09449,-0.48246,-0.05921,0.96082,-0.31685,-0.46725,0.16767,-1.42424,-0.30172,2.33337,-0.71126,-1.18084,0
1093,-0.95197,0.48246,1.16365,0.96082,-0.31685,0.62967,1.45421,-0.17779,2.46262,-0.52745,1.29221,0.40148,0
1322,-0.95197,0.48246,-0.61113,-0.57009,0.1144,-0.46725,0.80523,2.15324,0.76096,-0.27607,-1.37983,-0.84637,1
367,1.09449,-0.48246,-0.05921,0.96082,-0.50212,-0.14882,0.00332,-0.58331,-0.45321,-1.25773,-1.37983,-1.54858,1
287,1.09449,0.48246,0.45468,0.96082,-0.31685,0.22393,-1.37639,-0.17779,-1.34289,-0.14277,-1.37983,-2.07848,0
1567,0.49788,0.48246,-0.05921,0.96082,-0.31685,0.82562,0.80523,0.29338,1.2861,0.25953,-1.37983,-1.18084,0
1150,-0.95197,-0.48246,-0.61113,-0.57009,-0.31685,0.13606,0.16767,0.14143,-0.60633,-0.65253,0.52975,1.92173,1
183,0.49788,0.48246,-0.61113,0.96082,-0.31685,0.31287,0.80523,-0.31776,1.2861,0.7583,-1.37983,-1.18084,0
30,1.09449,-0.48246,1.98437,0.96082,-0.31685,-1.32828,1.74091,0.88309,0.94156,1.81175,-0.21712,-0.52593,0
966,-0.07854,0.48246,1.16365,-0.57009,-0.31685,-1.1943,0.00332,0.7233,0.43852,-0.27607,0.19268,0.40148,1
622,-0.95197,-0.48246,-1.22751,0.96082,-0.31685,0.52135,-1.37639,-0.45174,1.45039,-1.78169,1.29221,0.40148,1
384,0.49788,0.48246,1.16365,-0.28519,-0.31685,-0.79151,0.16767,-0.17779,-0.30172,0.7583,0.19268,0.40148,1
1821,-0.95197,-0.48246,-0.61113,-0.57009,-0.31685,1.60383,-2.03972,1.43533,-0.60633,-2.72827,1.86203,-0.21575,1
42,0.49788,0.48246,0.45468,0.96082,-0.31685,0.82562,0.00332,1.06238,1.81866,-0.40581,-0.21712,-0.21575,0
73,1.09449,-0.48246,-1.22751,0.96082,-0.31685,-1.55078,0.96248,-0.01928,0.43852,0.93949,0.19268,0.40148,1
83,1.82213,-0.48246,1.16365,0.24923,-0.31685,-2.05048,1.45421,-0.97631,0.59042,1.46191,-0.21712,-1.18084,0
1612,-0.07854,0.48246,0.45468,0.96082,-0.31685,-0.34799,-0.43999,-1.42424,1.11406,0.93949,-1.37983,-1.54858,0
1629,-0.07854,0.48246,1.16365,0.96082,-0.31685,0.62967,0.00332,-0.01928,0.76096,-0.00665,-1.37983,-0.52593,0
1196,0.49788,-0.48246,0.45468,-0.57009,-0.31685,0.31287,0.16767,0.7233,-1.07533,0.41594,0.52975,1.2247,0
241,0.49788,0.48246,1.16365,0.96082,-0.31685,0.62967,-1.23177,-0.01928,1.61108,2.63199,-1.37983,-0.84637,0
273,1.82213,-0.48246,1.98437,0.96082,-0.31685,-1.05308,0.00332,-0.01928,0.28783,-0.00665,0.52975,-0.84637,0
1078,0.49788,0.48246,-0.05921,0.24923,-0.31685,0.41667,0.00332,-0.97631,0.13136,-0.14277,-1.37983,-1.18084,1
1620,1.09449,-0.48246,-0.05921,0.96082,-0.31685,0.13606,0.00332,-0.45174,-0.60633,0.7583,-0.21712,0.40148,0
1630,1.09449,0.48246,-0.05921,0.96082,-0.31685,0.13606,-0.15487,-0.84732,0.28783,0.58489,0.52975,-0.52593,1
1071,-0.07854,0.48246,1.16365,-0.28519,-0.22166,-0.05188,-1.37639,-0.45174,-0.15487,1.30612,-0.21712,-1.18084,1
1514,-0.95197,-0.48246,-0.61113,-0.57009,0.126,-0.14882,-0.57545,-0.84732,-0.60633,-0.52745,-0.21712,-2.07848,1
1572,1.09449,-0.48246,-0.05921,0.96082,-0.31685,-0.79151,-0.43999,-0.01928,1.81866,0.7583,-0.71126,-0.52593,0
1724,1.82213,-0.48246,-0.05921,0.96082,-0.31685,-2.05048,-0.15487,-1.42424,0.59042,0.41594,-0.21712,-0.84637,0
1089,-0.95197,0.48246,1.16365,-0.28519,-0.31685,-0.05188,0.96248,2.15324,-0.30172,0.25953,-1.37983,-0.52593,0
1617,-0.07854,-0.48246,1.16365,0.96082,-0.31685,0.52135,0.00332,0.7233,0.59042,-0.27607,0.88113,1.92173,0
1607,0.49788,0.48246,-0.05921,0.96082,-0.31685,-1.55078,1.45421,0.44585,0.43852,0.58489,-0.71126,-1.18084,1
1405,-0.95197,0.48246,0.45468,0.96082,-0.31685,-2.42317,0.16767,-1.82919,2.75696,-0.89891,-2.55524,-0.84637,0
1225,-0.07854,-0.48246,1.98437,-0.57009,-0.31685,-0.46725,-2.32338,-2.21069,-0.15487,-0.14277,-0.21712,-1.18084,0
283,1.09449,0.48246,1.16365,0.96082,-0.31685,-0.05188,0.00332,0.14143,0.94156,0.93949,0.19268,0.40148,1
368,0.49788,0.48246,0.45468,0.96082,-0.50212,-1.05308,0.47617,-0.17779,-0.15487,0.58489,-1.37983,-1.18084,0
389,-0.07854,-0.48246,0.45468,0.96082,-1.10702,-1.32828,0.32197,-0.58331,-1.34289,2.04506,-0.71126,0.07987,0
929,-0.07854,-0.48246,-0.61113,-0.57009,-0.31685,0.22393,-1.23177,0.88309,-0.76096,-0.27607,-0.21712,0.7654,1
1692,-0.07854,0.48246,1.98437,0.96082,-0.31685,-1.43907,0.80523,-0.01928,2.46262,-0.27607,-0.21712,-0.21575,0
587,-0.95197,-0.48246,-0.05921,0.96082,-0.31685,0.73545,-0.57545,1.24033,-1.07533,-0.27607,0.52975,0.40148,1
1471,2.59171,-0.48246,0.45468,0.96082,-0.31685,-1.86962,-0.15487,-0.58331,2.46262,0.41594,-1.37983,-2.07848,0
1239,-0.07854,-0.48246,-1.22751,-0.57009,-0.31685,0.31287,0.32197,0.88309,1.11406,-0.78155,0.52975,0.07987,1
103,1.09449,-0.48246,-1.22751,0.96082,-0.31685,-0.58016,1.2861,1.43533,-1.34289,-0.00665,-0.71126,1.2247,1
1062,-0.95197,0.48246,-1.22751,-0.57009,0.1144,-0.24649,0.63779,-1.42424,0.13136,0.7583,1.29221,0.07987,0
571,0.49788,0.48246,1.98437,0.96082,-0.31685,-0.34799,0.80523,-0.17779,-0.91699,2.63199,-0.71126,-0.52593,1
169,-0.07854,0.48246,0.45468,0.96082,-0.31685,0.22393,1.2861,-1.27553,-0.30172,-1.13788,0.52975,0.40148,0
1857,-0.95197,-0.48246,-0.61113,-0.57009,-0.31685,-1.55078,0.16767,2.15324,-0.30172,-0.00665,0.88113,0.40148,1
325,-0.07854,0.48246,1.98437,0.96082,-0.31685,0.22393,0.00332,1.43533,-0.91699,0.93949,0.19268,-0.52593,1
201,-0.95197,0.48246,0.45468,0.96082,-0.31685,-0.58016,0.16767,-0.84732,1.11406,1.46191,0.52975,1.2247,0
57,0.49788,0.48246,-0.61113,0.96082,-0.31685,0.04257,0.00332,-1.68062,-0.01729,0.25953,-1.37983,-1.54858,0
747,-0.07854,0.48246,-1.7379,0.96082,-0.31685,0.73545,0.32197,-1.11902,0.43852,-0.40581,-0.71126,-0.21575,0
1012,-0.95197,0.48246,-0.61113,-0.57009,-0.31685,-0.58016,1.45421,1.88511,1.2861,-0.78155,0.19268,1.92173,1
1482,1.09449,0.48246,0.45468,-0.57009,-0.31685,1.60383,-2.32338,0.14143,-0.01729,-2.04506,0.88113,-2.07848,1
333,1.82213,0.48246,-1.22751,0.24923,-0.31685,-0.46725,-0.43999,-1.55521,0.94156,0.7583,-1.37983,-1.54858,0
82,1.82213,0.48246,0.45468,0.96082,-0.31685,-0.79151,-1.23177,-0.01928,-0.91699,-0.14277,0.88113,0.40148,1
1878,2.59171,-0.48246,-0.61113,-0.57009,-0.31685,2.127,-0.15487,2.44904,0.94156,-0.65253,-0.21712,0.07987,1
831,-0.95197,-0.48246,-0.61113,-0.57009,-0.31685,0.13606,0.63779,1.88511,1.2861,-0.27607,-1.37983,0.40148,1
695,0.49788,-0.48246,-0.05921,0.96082,-0.31685,-0.92104,-0.57545,-0.45174,-0.60633,-0.27607,0.19268,-0.21575,1
794,-0.07854,-0.48246,-0.61113,0.96082,-0.31685,0.04257,2.127,-0.31776,-0.60633,-0.00665,1.29221,0.07987,0
1455,-0.07854,0.48246,1.98437,0.96082,-0.31685,-0.46725,0.00332,-0.17779,0.76096,0.7583,-0.71126,-0.52593,0
1739,1.82213,0.48246,-2.43591,0.96082,-0.31685,-0.14882,0.16767,-0.71727,0.94156,0.58489,-0.71126,-0.52593,0
1388,-0.07854,0.48246,1.98437,-0.57009,-0.31685,0.52135,0.32197,1.65653,-0.60633,-0.65253,-0.21712,-0.52593,0
1843,-0.07854,-0.48246,0.45468,-0.57009,0.1144,1.13281,-0.15487,1.24033,-2.07848,0.93949,0.52975,-0.52593,1
1393,1.09449,-0.48246,-0.05921,0.96082,-0.31685,-0.34799,0.16767,-0.71727,-0.45321,0.12331,-1.37983,-1.54858,0
760,-0.95197,-0.48246,1.98437,0.96082,-0.31685,-2.75696,1.74091,0.58331,1.11406,0.25953,-0.71126,0.40148,1
1238,-0.95197,-0.48246,0.45468,-0.57009,-0.31685,0.04257,0.80523,0.88309,-0.45321,1.30612,0.19268,-0.52593,1
586,-0.07854,-0.48246,0.45468,0.96082,-0.31685,-0.24649,0.16767,-0.31776,-1.21213,0.7583,1.29221,0.40148,1
315,-0.95197,0.48246,-1.22751,0.21128,-0.31685,-0.58016,0.16767,-0.71727,0.13136,-0.14277,-0.71126,-1.18084,0
570,0.49788,-0.48246,1.16365,0.96082,-0.31685,1.02119,-0.80615,-0.17779,-0.30172,-0.00665,-0.21712,-0.21575,1
1258,-0.07854,0.48246,1.16365,0.96082,-0.31685,1.49158,-1.23177,-0.71727,-0.91699,-0.00665,-0.71126,-0.52593,0
496,-0.95197,-0.48246,-0.61113,0.96082,-0.31685,0.73545,-1.6334,0.88309,-1.21213,-1.64101,-1.37983,-0.52593,1
477,1.09449,0.48246,0.45468,-0.57009,-0.31685,-1.1943,0.96248,-0.45174,0.76096,0.93949,-0.71126,-0.84637,1
1255,-0.07854,0.48246,0.45468,0.96082,0.1144,0.04257,-0.80615,-0.31776,-0.45321,-0.65253,-0.21712,-0.21575,0
1663,-0.07854,-0.48246,-0.05921,-0.28519,-0.31685,-0.67825,1.11406,-0.01928,0.43852,-0.14277,0.88113,0.7654,1
409,0.49788,-0.48246,-1.43719,0.96082,0.1144,1.37297,-0.15487,-0.31776,-0.30172,-0.65253,-0.21712,0.07987,1
101,-0.07854,-0.48246,1.16365,-0.28519,-0.31685,-1.05308,2.57309,0.58331,-1.47955,-0.40581,-0.21712,1.2247,1
1649,-0.07854,0.48246,1.16365,0.96082,-0.31685,-0.67825,0.47617,-0.17779,0.76096,1.46191,-0.21712,-0.52593,0
281,1.82213,-0.48246,1.16365,0.96082,-0.31685,-0.05188,0.16767,0.7233,-0.01729,-0.89891,-0.71126,-0.84637,0
1849,-0.95197,0.48246,-0.61113,0.24923,-0.31685,0.62967,-0.94779,0.44585,0.59042,1.13407,1.86203,1.2247,1
466,-0.95197,0.48246,1.16365,0.96082,-0.31685,1.37297,-1.09207,-0.01928,-0.45321,-0.40581,1.29221,0.7654,1
279,1.09449,0.48246,0.45468,0.96082,-0.31685,-0.24649,-0.43999,-0.31776,0.76096,-0.00665,-0.71126,-0.52593,0
876,-0.07854,0.48246,1.16365,-0.57009,-0.31685,0.22393,-1.09207,-0.58331,0.28783,-1.0145,0.52975,-0.21575,1
1792,0.49788,0.48246,1.98437,-0.57009,-0.31685,-0.24649,-0.15487,0.7233,0.13136,2.33337,-1.37983,-1.54858,1
1539,-0.95197,0.48246,-0.61113,-0.57009,0.1144,0.04257,1.74091,-0.58331,-0.45321,2.33337,0.88113,1.92173,0
1860,-0.95197,-0.48246,-0.61113,-0.57009,-0.31685,0.31287,-0.57545,-0.31776,-1.47955,-0.89891,-1.37983,0.7654,1
1534,-0.95197,-0.48246,-0.61113,-0.57009,0.1144,-0.92104,1.2861,-0.45174,-0.60633,-0.00665,0.88113,1.2247,1
1597,1.82213,0.48246,-0.61113,0.96082,-0.31685,-0.05188,0.63779,0.14143,0.43852,0.41594,-0.21712,-1.54858,0
22,2.59171,-0.48246,-2.43591,0.96082,-0.31685,-1.1943,0.47617,-1.11902,-0.60633,1.81175,-0.21712,-1.18084,1
628,0.49788,-0.48246,0.45468,0.96082,-0.31685,-0.05188,-0.43999,-0.84732,-0.45321,0.41594,-0.21712,-0.21575,1
1272,1.82213,0.48246,0.45468,0.96082,-0.31685,-0.14882,-0.15487,0.14143,0.76096,-0.52745,0.88113,-1.18084,0
791,-0.95197,-0.48246,0.45468,-0.09765,-0.31685,-0.14882,-0.43999,0.88309,-0.60633,-0.78155,1.29221,0.7654,1
1215,-0.95197,-0.48246,-0.61113,-0.09765,-0.31685,-0.24649,0.16767,0.58331,-0.45321,-0.00665,0.19268,0.7654,1
1095,-0.95197,-0.48246,0.45468,-0.09765,-0.31685,-1.69163,-0.80615,-0.58331,-1.21213,-1.25773,0.19268,0.7654,1
1751,1.09449,-0.48246,-1.7379,0.96082,-0.31685,-0.24649,0.47617,-0.84732,-0.60633,0.41594,-0.21712,-0.21575,0
120,0.49788,0.48246,0.45468,0.96082,-0.31685,-0.34799,0.63779,-0.97631,0.28783,1.46191,-0.21712,-0.84637,0
1508,-0.95197,0.48246,-1.7379,0.96082,-0.31685,2.82196,-2.44904,1.06238,-0.76096,-2.18109,-0.21712,-0.84637,0
1687,0.49788,0.48246,-0.05921,0.96082,-0.31685,-1.05308,0.63779,-0.45174,0.59042,0.58489,-0.21712,-0.21575,0
174,0.49788,0.48246,0.45468,0.96082,-0.31685,1.02119,0.63779,1.24033,0.13136,0.25953,0.52975,0.40148,0
1562,0.49788,0.48246,0.45468,0.96082,-0.31685,0.62967,-1.50796,-0.31776,0.28783,-0.14277,-0.71126,-2.07848,1
1075,0.49788,0.48246,1.98437,0.96082,-0.31685,-0.67825,0.32197,-0.01928,-0.30172,1.46191,-1.37983,-1.54858,0
110,1.09449,0.48246,-0.61113,0.96082,-0.31685,-0.79151,0.47617,-1.42424,-0.91699,-0.52745,-0.71126,0.07987,1
1133,-0.07854,0.48246,-0.05921,-0.57009,-0.31685,2.28554,0.80523,0.7233,-2.07848,-1.78169,1.86203,1.92173,1
435,-0.95197,0.48246,0.45468,0.96082,-0.31685,-0.14882,0.96248,-1.55521,2.23427,1.63088,-0.21712,-0.52593,0
1817,1.09449,-0.48246,0.45468,0.96082,-0.31685,-1.86962,0.00332,0.14143,-0.76096,-0.14277,0.52975,0.40148,0
175,0.49788,0.48246,-0.05921,0.96082,-0.31685,1.02119,-0.57545,-2.21069,0.76096,-1.5184,0.88113,0.07987,0
1587,0.49788,0.48246,0.45468,0.96082,-0.31685,0.04257,-0.15487,0.88309,-0.30172,0.58489,0.19268,-0.84637,1
1459,-0.07854,0.48246,0.45468,0.96082,-0.31685,-1.32828,-0.57545,-0.17779,0.43852,1.13407,-0.71126,-0.52593,1
350,1.09449,-0.48246,-0.05921,0.96082,-1.10702,-0.58016,0.32197,-0.45174,-0.15487,0.25953,-0.21712,-1.18084,0
1755,-0.95197,-0.48246,-0.61113,-0.57009,-0.31685,-1.05308,0.16767,0.44585,-2.35413,-1.5184,0.88113,1.92173,1
535,-0.07854,-0.48246,1.16365,0.96082,-0.31685,-0.34799,-0.15487,-0.71727,-1.6209,-0.65253,0.52975,0.07987,0
264,1.82213,0.48246,-2.43591,0.96082,-0.31685,-1.05308,0.00332,-0.01928,1.61108,1.13407,-0.71126,-1.54858,0
1599,-0.07854,0.48246,1.16365,0.96082,-0.31685,-0.79151,1.2861,-1.82919,0.13136,0.7583,-0.71126,-0.84637,0
549,-0.07854,0.48246,1.16365,0.96082,-0.31685,-1.86962,-0.69509,-0.97631,-0.45321,2.04506,-1.37983,-0.84637,0
1684,-0.95197,-0.48246,-0.61113,-0.57009,-1.10702,0.13606,-1.6334,-0.01928,0.43852,-1.5184,-0.21712,-0.21575,1
354,1.09449,-0.48246,0.45468,0.96082,-0.31685,-0.14882,-0.69509,0.44585,0.76096,-1.38502,0.19268,-0.21575,1
436,-0.07854,0.48246,0.45468,0.96082,-0.31685,0.04257,0.47617,-1.11902,0.59042,1.81175,-0.71126,-0.52593,0
1533,-0.95197,-0.48246,-0.61113,-0.57009,-0.31685,1.02119,-1.7625,0.58331,-0.15487,-2.57309,0.88113,-0.21575,1
935,-0.95197,0.48246,0.45468,0.96082,-0.31685,-0.24649,0.00332,1.06238,0.59042,2.04506,-0.71126,-0.52593,1
1748,1.09449,0.48246,-0.61113,0.96082,-0.31685,0.13606,0.80523,0.44585,1.45039,-0.14277,0.19268,-0.21575,0
1200,-0.07854,-0.48246,-1.7379,-0.57009,-0.31685,-0.34799,-2.44904,-0.71727,-0.01729,0.25953,-1.37983,-0.84637,1
1870,-0.95197,0.48246,0.45468,-0.57009,-0.31685,0.13606,-0.80615,1.43533,0.28783,1.63088,-0.71126,-0.21575,1
1810,-0.95197,0.48246,-1.43719,-0.57009,-0.31685,1.23461,1.11406,1.06238,-1.47955,0.12331,0.88113,1.92173,1
298,2.59171,0.48246,-1.7379,0.96082,-0.31685,0.82562,-0.80615,0.14143,-0.15487,1.13407,-0.21712,-0.52593,0
1017,-0.95197,-0.48246,-0.05921,-0.28519,-0.31685,-2.21844,2.57309,1.88511,0.13136,1.63088,0.19268,0.7654,1
1585,0.49788,0.48246,1.16365,0.96082,-0.31685,0.73545,2.32338,0.14143,1.81866,0.12331,0.19268,0.7654,1
1825,-0.07854,-0.48246,0.45468,0.96082,-0.50212,-0.46725,-1.50796,-0.58331,-0.30172,-0.40581,0.52975,0.40148,0
1395,-0.07854,0.48246,1.16365,0.96082,-0.31685,0.73545,0.00332,0.14143,0.76096,1.46191,-1.37983,-0.52593,0
1712,-0.07854,0.48246,0.45468,0.96082,-0.31685,0.04257,1.74091,0.58331,0.13136,-0.14277,1.29221,1.2247,1
1433,1.09449,0.48246,1.98437,0.96082,-0.31685,-1.05308,-1.23177,-0.71727,-0.45321,0.58489,-0.71126,-1.54858,1
631,1.09449,0.48246,1.98437,0.96082,-0.22166,-0.46725,0.47617,0.58331,0.28783,-0.14277,-0.21712,-2.07848,0
1618,1.09449,-0.48246,-0.05921,0.96082,-0.31685,0.31287,0.16767,-1.11902,0.59042,0.58489,0.52975,-0.52593,0
447,-0.07854,0.48246,0.45468,0.96082,-0.31685,0.22393,-1.09207,0.44585,2.75696,-0.65253,-0.71126,0.40148,1
198,1.82213,0.48246,0.45468,0.96082,-0.31685,-0.34799,0.47617,-0.71727,-0.91699,-0.52745,-0.71126,-0.84637,0
1583,0.49788,0.48246,1.16365,0.96082,-0.31685,-0.24649,-0.15487,-1.27553,0.43852,1.46191,-0.21712,-0.84637,0
1636,1.82213,-0.48246,-2.43591,0.96082,-0.31685,-1.43907,0.00332,-1.68062,0.43852,0.58489,-0.71126,-0.52593,0
305,1.09449,0.48246,0.45468,0.96082,-0.31685,-0.34799,0.00332,-1.27553,-0.15487,0.93949,-0.21712,-1.18084,0
1337,-0.95197,0.48246,0.45468,0.96082,-0.31685,0.04257,1.58487,-0.71727,0.76096,1.30612,0.19268,-0.52593,1
440,-0.95197,0.48246,-0.61113,-0.57009,-0.31685,1.37297,-0.30033,0.29338,-0.15487,-1.78169,0.19268,-0.21575,1
80,0.49788,-0.48246,-0.05921,0.96082,-0.31685,-0.34799,-0.80615,-1.97495,1.11406,-0.65253,-0.21712,-0.21575,0
1559,1.82213,0.48246,0.45468,0.96082,-0.31685,-1.86962,1.58487,0.44585,0.76096,1.63088,0.19268,-0.52593,0
1703,-0.07854,0.48246,-0.05921,0.96082,-0.31685,-0.58016,0.47617,-1.97495,0.28783,0.93949,-0.71126,-0.84637,0
180,0.49788,0.48246,-0.05921,0.96082,-0.31685,0.41667,-0.15487,-0.97631,1.11406,-0.65253,-1.37983,-1.18084,1
803,-0.95197,-0.48246,-1.22751,0.21128,-0.31685,-0.46725,0.32197,0.14143,-0.76096,-0.65253,0.88113,1.2247,1
1265,-0.07854,0.48246,-0.05921,0.96082,-0.31685,-0.34799,-0.80615,-1.11902,0.59042,-0.00665,0.52975,0.40148,0
1488,-0.07854,0.48246,0.45468,0.96082,-0.31685,-0.05188,-0.30033,-1.27553,-0.01729,0.7583,-0.71126,-1.18084,0
1298,-0.95197,-0.48246,-0.61113,-0.57009,0.1144,-0.34799,0.00332,0.58331,-0.15487,-0.52745,0.19268,1.2247,1
328,1.09449,-0.48246,1.16365,0.96082,-0.31685,-1.86962,1.58487,-0.01928,1.61108,1.30612,-1.37983,-0.84637,0
637,0.49788,-0.48246,0.45468,0.96082,-0.31685,-0.79151,-0.30033,-0.17779,1.11406,-0.52745,-0.71126,0.07987,1
1269,0.49788,0.48246,0.45468,0.96082,-0.31685,0.41667,0.00332,-1.11902,-1.6209,-0.00665,0.19268,0.40148,0
1747,0.49788,0.48246,1.16365,0.96082,-1.10702,-0.24649,-0.57545,-0.58331,0.13136,0.12331,-0.21712,-1.18084,0
182,-0.07854,-0.48246,1.98437,0.96082,-0.31685,-1.32828,-0.43999,-0.31776,0.59042,0.93949,-0.71126,-1.18084,0
462,-0.95197,-0.48246,-0.61113,0.96082,-0.31685,1.49158,-1.37639,-2.63199,1.81866,-1.25773,0.52975,-1.18084,1
1537,-0.95197,0.48246,-0.61113,-0.57009,0.1144,-0.46725,0.80523,0.29338,2.03972,1.81175,-1.37983,-0.21575,1
1621,-0.07854,-0.48246,0.45468,0.96082,-1.10702,1.37297,-0.30033,-0.97631,-0.30172,-0.27607,0.19268,-0.52593,0
1232,-0.95197,0.48246,0.45468,-0.28519,0.1144,1.02119,-1.23177,1.06238,-2.07848,-0.52745,1.29221,1.2247,1
1316,-0.95197,-0.48246,0.45468,-0.28519,-0.31685,-1.86962,1.11406,0.7233,-0.30172,1.30612,-0.21712,0.40148,1
663,-0.07854,0.48246,0.45468,0.96082,-0.31685,0.04257,0.16767,0.29338,2.03972,1.81175,0.52975,-1.18084,1
751,0.49788,-0.48246,1.16365,0.96082,-0.31685,-0.14882,0.00332,-0.01928,1.11406,-0.14277,-0.21712,0.40148,1
1423,1.09449,-0.48246,-2.43591,0.21128,-0.31685,-0.05188,-0.94779,-0.01928,1.11406,-1.0145,0.19268,1.2247,1
1191,-0.95197,-0.48246,-0.61113,0.24923,-0.31685,-1.1943,1.45421,0.44585,-0.60633,-0.00665,1.29221,0.40148,1
1513,-0.95197,-0.48246,-2.43591,-0.57009,-0.31685,2.28554,-0.69509,0.29338,-0.60633,-0.14277,-1.37983,-0.84637,1
993,1.82213,-0.48246,-0.05921,-0.28519,-0.31685,-0.79151,0.32197,0.58331,0.13136,-0.00665,-0.21712,-0.21575,1
1259,-0.07854,0.48246,1.98437,0.96082,-0.31685,-0.92104,0.80523,-0.58331,-0.60633,-0.00665,-1.37983,-0.84637,0
193,-0.07854,0.48246,-0.05921,0.24923,-0.31685,-0.79151,-0.30033,-0.17779,0.28783,-0.52745,0.88113,0.07987,1
1153,0.49788,0.48246,0.45468,-0.57009,-0.31685,1.72012,-1.7625,-0.58331,-0.30172,-1.25773,0.88113,-0.84637,1
1635,-0.95197,0.48246,-1.22751,0.96082,-0.31685,0.04257,-1.37639,-1.27553,-0.01729,-0.00665,-1.37983,-2.07848,0
845,-0.07854,0.48246,-0.61113,-0.57009,-0.31685,0.52135,-0.43999,0.14143,-1.07533,-0.27607,-1.37983,0.07987,1
369,1.09449,0.48246,0.45468,0.96082,-0.31685,-1.1943,0.47617,0.29338,0.43852,0.25953,0.19268,-0.21575,1
1608,0.49788,0.48246,1.16365,0.96082,-0.31685,-0.79151,0.32197,-0.01928,-0.15487,1.13407,-0.21712,-0.21575,1
853,-0.95197,-0.48246,-0.61113,-0.57009,-0.31685,-0.79151,1.45421,1.43533,0.94156,0.12331,0.52975,0.07987,1
585,-0.95197,0.48246,-0.61113,-0.57009,-0.31685,0.62967,0.00332,-0.58331,0.43852,-0.40581,-0.21712,1.2247,1
1406,-0.07854,0.48246,1.98437,0.96082,-0.22166,1.60383,1.2861,0.58331,0.28783,-0.78155,0.52975,-1.18084,1
1753,-0.07854,-0.48246,0.45468,0.96082,-0.31685,-0.67825,0.96248,-0.71727,2.03972,1.13407,0.52975,-0.52593,0
526,0.49788,0.48246,-2.43591,0.96082,-0.31685,0.13606,-0.80615,-1.82919,0.13136,0.41594,-1.37983,-2.07848,1
85,1.09449,-0.48246,-1.7379,0.96082,-0.31685,-0.34799,0.16767,-0.31776,-0.30172,-0.14277,-1.37983,0.07987,1
970,-0.95197,-0.48246,-0.61113,-0.57009,-1.10702,-1.55078,1.2861,1.06238,-1.47955,0.93949,-0.21712,0.7654,1
1824,-0.95197,0.48246,-0.61113,-0.57009,-0.31685,1.23461,-1.23177,1.06238,-0.30172,-2.30408,0.88113,-0.21575,1
870,-0.95197,0.48246,-0.61113,-0.57009,-0.31685,-1.32828,0.32197,0.7233,0.94156,1.63088,-0.71126,0.40148,1
1378,-0.07854,0.48246,1.16365,0.96082,-0.31685,0.62967,0.32197,-0.45174,1.45039,0.93949,-1.37983,-0.52593,0
9,0.49788,0.48246,-0.05921,0.24923,-0.31685,0.62967,2.57309,-0.97631,0.76096,1.13407,-1.37983,-1.54858,0
1623,0.49788,-0.48246,0.45468,0.96082,-0.31685,0.52135,-0.80615,-1.27553,0.59042,-0.89891,0.19268,-1.18084,0
1530,-0.95197,-0.48246,-0.61113,-0.57009,-0.31685,-1.55078,0.96248,1.65653,-0.01729,-0.14277,1.29221,0.7654,1
158,-0.07854,-0.48246,-1.7379,0.96082,-0.31685,-1.05308,1.11406,-1.82919,-0.45321,0.7583,-0.21712,0.7654,0
750,0.49788,0.48246,1.98437,0.96082,-0.31685,-1.69163,0.96248,-0.97631,1.61108,2.04506,-0.21712,-0.52593,0
1244,1.09449,0.48246,0.45468,0.96082,-0.31685,-0.92104,-1.92173,-1.42424,1.45039,0.93949,-1.37983,-0.52593,1
1130,-0.95197,-0.48246,-0.61113,-0.57009,-0.31685,1.02119,-2.03972,-0.71727,1.11406,-1.25773,0.88113,0.40148,1
106,0.49788,-0.48246,-0.05921,0.96082,-0.31685,-2.21844,0.47617,-1.82919,-0.76096,2.04506,-1.37983,-1.54858,0
472,-0.95197,0.48246,0.45468,0.96082,-0.31685,0.13606,0.80523,0.29338,-0.15487,0.7583,-0.71126,-0.84637,0
81,2.59171,0.48246,1.98437,0.24923,-0.31685,0.04257,0.32197,0.44585,-0.15487,1.46191,-0.21712,-0.21575,1
53,1.82213,0.48246,0.45468,0.96082,-0.31685,-0.14882,0.00332,-1.42424,0.28783,-0.78155,0.52975,-1.54858,0
1672,1.82213,-0.48246,0.45468,0.96082,-0.31685,0.62967,-0.43999,1.24033,0.94156,-1.13788,-0.71126,-0.21575,1
1049,-0.95197,-0.48246,1.16365,0.96082,-0.31685,-1.43907,2.57309,0.44585,-0.76096,0.58489,0.88113,1.92173,1
249,1.09449,0.48246,1.98437,0.96082,-0.31685,-2.42317,0.16767,-0.31776,2.03972,1.81175,-0.71126,-1.18084,0
1461,0.49788,0.48246,1.98437,0.96082,-0.31685,-2.05048,1.58487,0.14143,0.13136,0.7583,0.19268,-0.84637,1
529,-0.95197,-0.48246,-0.05921,0.96082,-0.31685,0.91093,-1.37639,-0.31776,-1.92595,-1.38502,0.88113,0.07987,1
211,-0.07854,0.48246,-0.61113,0.96082,-0.31685,0.73545,0.16767,-1.42424,-0.01729,-1.25773,1.86203,0.7654,0
1421,-0.07854,-0.48246,-0.61113,-0.57009,-0.31685,0.82562,-0.43999,0.58331,-0.76096,-0.52745,0.88113,1.2247,1
365,1.09449,0.48246,-0.05921,0.96082,-0.31685,1.23461,-0.15487,-1.27553,0.76096,0.41594,-1.37983,-2.07848,0
452,-0.95197,0.48246,1.16365,0.96082,-0.31685,-1.1943,0.80523,-0.84732,-0.15487,0.7583,0.19268,-0.52593,1
1450,-0.95197,0.48246,1.16365,0.96082,-0.50212,-0.58016,0.16767,-0.84732,0.59042,0.7583,-0.21712,-0.21575,0
795,-0.07854,-0.48246,0.45468,0.96082,-0.31685,-0.05188,-0.57545,1.24033,1.2861,-0.52745,0.19268,0.7654,1
1117,1.09449,-0.48246,-1.7379,0.96082,-0.31685,0.52135,-0.57545,0.44585,-2.5383,-0.27607,0.88113,-0.21575,1
1084,-0.95197,-0.48246,1.16365,0.96082,-0.31685,-0.24649,0.47617,-0.31776,0.28783,-0.52745,-0.21712,-0.21575,1
1845,-0.95197,-0.48246,-0.61113,-0.57009,-0.31685,-0.58016,0.47617,2.15324,1.2861,0.41594,0.19268,0.7654,1
504,-0.95197,-0.48246,-0.61113,-0.57009,-0.31685,-1.55078,0.63779,-0.31776,-0.60633,-0.27607,0.52975,0.7654,1
320,1.09449,0.48246,-1.7379,0.96082,0.1144,0.31287,-0.30033,-1.27553,-0.15487,0.58489,0.88113,0.40148,0
151,0.49788,0.48246,-0.61113,0.96082,-0.31685,-0.24649,1.2861,0.14143,0.59042,1.13407,0.19268,0.07987,0
621,1.82213,-0.48246,1.16365,0.96082,-0.31685,-0.67825,-0.94779,0.7233,-0.91699,0.58489,-1.37983,-0.84637,0
148,0.49788,-0.48246,1.16365,0.96082,-1.10702,-0.58016,0.47617,-0.71727,0.13136,0.93949,-0.21712,-0.52593,0
1694,-0.07854,0.48246,0.45468,0.96082,-0.31685,-0.46725,0.80523,-0.97631,1.45039,1.13407,-1.37983,-1.18084,0
938,-0.95197,-0.48246,-0.05921,0.96082,-0.31685,0.41667,1.2861,1.06238,-0.01729,-0.40581,0.52975,0.07987,1
244,-0.07854,0.48246,0.45468,0.96082,-0.31685,-0.58016,1.11406,0.7233,0.94156,0.93949,-1.37983,-0.21575,1
284,1.09449,-0.48246,0.45468,0.96082,-0.31685,-0.92104,1.58487,0.14143,-0.30172,0.7583,0.19268,0.40148,0
1565,0.49788,0.48246,0.45468,0.96082,-0.31685,-0.05188,1.74091,-2.8595,-0.76096,2.63199,-1.37983,-1.54858,0
251,1.09449,-0.48246,0.45468,0.96082,-0.31685,-0.46725,0.16767,-0.31776,-0.45321,1.46191,0.19268,-0.84637,0
195,-0.07854,0.48246,0.45468,0.24923,0.126,-0.92104,1.2861,-0.01928,-0.01729,0.41594,-0.71126,-1.18084,1
1647,0.49788,-0.48246,-0.05921,0.96082,-0.31685,0.04257,-0.94779,0.14143,0.94156,0.58489,-1.37983,-1.54858,1
1683,1.09449,-0.48246,-0.05921,0.96082,-0.31685,-0.46725,0.47617,-1.11902,-0.76096,-0.14277,-0.21712,0.7654,1
836,-0.07854,0.48246,1.16365,-0.57009,-0.31685,0.82562,-0.69509,-0.01928,-0.30172,0.58489,-0.21712,-0.84637,0
541,1.09449,-0.48246,1.16365,0.96082,-0.31685,-1.32828,1.2861,-0.17779,0.59042,1.81175,-2.55524,-1.18084,0
1199,-0.07854,-0.48246,0.45468,0.24923,-0.31685,-0.92104,-0.30033,-0.17779,-1.92595,-0.27607,0.52975,-1.54858,0
1253,0.49788,0.48246,-1.43719,0.96082,-0.31685,0.31287,-1.6334,-1.97495,-1.07533,-1.38502,-1.37983,-2.07848,0
331,1.09449,0.48246,-0.05921,0.96082,-0.31685,-1.05308,0.47617,-0.71727,0.76096,0.7583,-0.21712,-0.21575,0
250,1.09449,0.48246,-0.05921,0.96082,-0.31685,1.13281,0.32197,-0.17779,0.94156,1.13407,-0.71126,-0.21575,0
1741,1.09449,0.48246,0.45468,0.96082,-0.31685,-0.92104,0.32197,-0.58331,-0.15487,1.13407,-1.37983,-2.07848,0
434,1.09449,0.48246,-1.7379,0.96082,-0.31685,0.22393,1.93886,-1.11902,1.2861,-0.14277,1.86203,0.7654,1
1598,0.49788,0.48246,0.45468,0.96082,-0.31685,-0.67825,0.32197,-0.97631,0.59042,0.12331,-0.71126,-0.84637,0
218,0.49788,-0.48246,-0.05921,0.96082,-0.31685,1.23461,0.80523,0.44585,1.45039,-1.64101,1.86203,0.7654,1
675,-0.95197,0.48246,1.16365,0.96082,-0.50212,0.82562,-0.69509,-0.58331,-0.60633,-1.0145,-0.71126,0.7654,0
1761,1.09449,0.48246,-0.05921,0.96082,-0.31685,-0.58016,0.32197,0.14143,-1.34289,0.93949,0.19268,-0.21575,1
1037,-0.95197,0.48246,-0.61113,-0.57009,-0.31685,0.52135,0.80523,0.88309,-0.15487,-0.27607,1.29221,1.2247,1
239,-0.95197,0.48246,-1.22751,0.96082,-0.31685,0.52135,-0.15487,-0.71727,-0.60633,0.25953,-0.21712,-0.21575,0
749,0.49788,0.48246,-1.7379,0.96082,-0.31685,0.41667,-0.57545,-1.42424,-0.01729,-1.78169,0.19268,-0.21575,1
1715,1.09449,0.48246,-1.7379,0.96082,-0.31685,-0.05188,-0.30033,-1.68062,1.2861,1.46191,-1.37983,-1.18084,0
248,1.09449,-0.48246,1.16365,0.96082,-0.31685,-0.92104,-0.30033,-1.11902,0.59042,1.63088,-0.21712,-0.52593,0
395,-0.07854,0.48246,-0.05921,0.96082,-0.31685,-0.79151,-0.15487,-2.21069,-0.60633,1.46191,-1.37983,-2.07848,0
170,-0.95197,0.48246,-1.22751,0.96082,-0.31685,-0.34799,0.00332,-1.42424,0.59042,-0.14277,-0.71126,0.40148,0
1371,-0.07854,0.48246,-0.05921,-0.57009,-0.31685,2.46262,0.16767,0.14143,-1.21213,-1.5184,1.86203,1.92173,1
316,1.09449,0.48246,1.98437,0.96082,-0.31685,-0.79151,0.80523,0.58331,-0.01729,0.41594,-0.71126,-0.52593,0
1198,-0.95197,-0.48246,-0.61113,-0.57009,-0.31685,0.52135,-0.30033,-0.58331,-0.76096,-0.52745,-0.21712,0.7654,1
1040,-0.95197,0.48246,-0.61113,-0.57009,-0.31685,0.22393,-0.80615,0.7233,2.23427,1.13407,0.52975,1.2247,1
1091,-0.07854,0.48246,1.16365,-0.57009,-0.31685,-0.46725,-0.15487,0.29338,0.59042,0.93949,0.19268,-0.84637,0
64,1.09449,-0.48246,0.45468,0.96082,-0.31685,1.02119,-0.30033,-0.71727,-0.60633,-0.00665,-1.37983,-1.18084,0
833,-0.95197,-0.48246,-0.61113,-0.57009,-0.31685,0.91093,-0.80615,0.14143,0.59042,-0.14277,-0.21712,0.7654,1
983,-0.95197,-0.48246,-0.61113,0.96082,-0.31685,1.02119,1.11406,-1.11902,-0.91699,-1.0145,0.88113,1.2247,1
1109,-0.07854,0.48246,-0.61113,-0.28519,-0.31685,1.98437,-0.30033,0.44585,-1.21213,-1.0145,0.19268,0.7654,1
1699,1.09449,0.48246,0.45468,0.96082,-0.31685,0.62967,-0.57545,0.7233,-0.15487,0.41594,0.52975,-0.84637,0
1081,0.49788,0.48246,-0.05921,0.96082,-0.31685,0.52135,-1.37639,-1.42424,0.13136,-1.13788,-1.37983,-1.18084,1
149,0.49788,0.48246,-0.05921,0.96082,-0.31685,-0.05188,-1.09207,-2.63199,-0.91699,0.25953,-1.37983,-1.54858,0
1707,-0.95197,-0.48246,0.45468,0.96082,-0.31685,-0.92104,0.32197,-1.42424,-0.60633,1.81175,-0.21712,0.07987,0
1441,0.49788,0.48246,1.16365,0.96082,-0.31685,-0.14882,0.00332,-0.84732,0.76096,0.41594,-1.37983,-1.18084,0
567,1.09449,0.48246,1.16365,0.96082,-0.31685,0.31287,-0.80615,0.14143,0.59042,-0.78155,-0.71126,-0.84637,0
1105,-0.95197,0.48246,1.16365,-0.28519,-0.31685,-0.79151,-0.15487,-0.17779,-0.45321,-0.40581,-0.21712,1.2247,1
1443,-0.07854,0.48246,1.16365,0.96082,-0.31685,1.02119,-0.94779,-0.71727,1.2861,0.93949,-1.37983,-1.54858,0
1470,-0.95197,0.48246,0.45468,0.96082,-0.31685,0.31287,0.00332,-0.01928,0.76096,-0.27607,-1.37983,-1.18084,0
224,1.82213,-0.48246,0.45468,0.96082,-0.31685,-1.1943,1.11406,-0.31776,1.11406,0.93949,-0.21712,0.07987,0
1711,0.49788,0.48246,-1.22751,0.96082,-0.31685,-0.79151,-0.80615,0.7233,-0.91699,0.25953,-0.71126,-0.21575,0
1381,-0.07854,0.48246,0.45468,0.96082,-0.31685,-1.1943,0.80523,-0.97631,-0.45321,0.58489,-0.71126,-1.18084,0
1710,1.09449,0.48246,0.45468,0.96082,-0.31685,-1.05308,1.2861,-0.84732,0.94156,-0.14277,-0.21712,-0.52593,0
840,-0.95197,-0.48246,-0.61113,-0.09765,-0.31685,-1.69163,1.74091,0.58331,0.43852,0.93949,1.29221,0.07987,1
511,0.49788,0.48246,1.16365,-0.28519,-0.31685,-1.05308,1.11406,-0.31776,0.28783,0.12331,-1.37983,-0.52593,0
318,0.49788,-0.48246,0.45468,0.96082,-1.10702,-0.79151,1.93886,-0.97631,-0.01729,1.13407,-0.71126,-0.52593,1
1249,1.09449,0.48246,-0.05921,0.96082,-0.31685,-0.58016,-0.30033,-0.31776,1.2861,0.58489,-1.37983,-0.21575,0
476,1.82213,0.48246,0.45468,0.96082,0.126,-0.24649,0.96248,0.14143,-0.15487,0.41594,-1.37983,-2.07848,0
772,-0.95197,0.48246,1.16365,0.96082,-0.50212,0.52135,-1.37639,-1.82919,0.94156,0.25953,0.52975,-0.84637,0
1438,-0.95197,-0.48246,-1.7379,-0.57009,-0.31685,1.23461,-0.43999,0.29338,0.43852,-0.14277,-0.71126,1.2247,1
1545,-0.95197,-0.48246,-0.61113,-0.57009,-0.31685,0.82562,0.80523,0.88309,0.59042,-0.78155,0.19268,0.07987,1
399,1.09449,-0.48246,-0.05921,0.96082,-0.31685,0.13606,0.47617,-0.84732,-1.47955,0.41594,1.29221,1.2247,0
1394,-0.07854,0.48246,1.16365,0.96082,-0.31685,1.37297,0.32197,-0.17779,-0.01729,0.41594,-0.71126,-0.84637,1
32,0.49788,0.48246,-1.7379,-0.28519,-0.31685,-1.1943,-0.80615,0.14143,-0.60633,-0.00665,-1.37983,-0.84637,0
23,1.09449,-0.48246,0.45468,0.96082,-0.31685,0.41667,-0.94779,-0.84732,1.11406,-0.89891,-0.71126,0.07987,0
1318,-0.07854,0.48246,0.45468,0.96082,-0.31685,0.04257,0.80523,-1.68062,-1.34289,0.58489,-0.71126,-0.52593,1
1218,-0.95197,-0.48246,-0.05921,0.24923,-0.31685,-0.14882,1.45421,1.43533,0.13136,-1.38502,0.52975,0.7654,1
1308,-0.07854,-0.48246,1.16365,0.96082,-0.31685,-0.92104,-1.23177,-0.17779,-0.76096,0.12331,-0.21712,-0.21575,1
304,1.82213,0.48246,-0.05921,0.96082,-0.31685,-0.14882,0.63779,-0.01928,-0.76096,-0.40581,-0.21712,0.07987,1
1644,1.09449,0.48246,-0.05921,0.96082,-0.31685,0.04257,-0.80615,-0.01928,0.43852,-0.14277,-0.71126,-0.84637,0
1499,1.09449,0.48246,-2.43591,-0.57009,-0.31685,0.62967,-0.15487,-0.45174,-0.45321,-1.0145,0.19268,-0.52593,1
1418,-0.95197,0.48246,0.45468,0.96082,-0.50212,0.91093,-0.69509,-0.71727,0.28783,-0.00665,-0.71126,-0.52593,0
960,-0.95197,0.48246,0.45468,-0.28519,-0.31685,0.04257,0.16767,1.43533,1.11406,-0.65253,0.52975,-0.52593,0
381,1.09449,0.48246,-0.05921,0.96082,-0.31685,0.82562,-0.43999,0.7233,-0.01729,0.25953,-0.21712,-0.21575,1
1257,0.49788,0.48246,0.45468,0.96082,-0.31685,-1.05308,-0.57545,-0.01928,-1.34289,0.58489,0.88113,0.40148,0
1730,-0.95197,-0.48246,-0.61113,-0.28519,-0.31685,-2.21844,0.96248,-0.01928,0.13136,1.63088,-2.55524,-0.21575,1
111,1.09449,-0.48246,1.16365,0.96082,-0.50212,-0.14882,0.32197,0.14143,-0.30172,-0.14277,0.19268,-0.52593,0
93,-0.07854,-0.48246,-1.22751,0.96082,-0.31685,-1.55078,-0.30033,-0.45174,0.28783,-0.00665,-0.71126,-0.84637,1
1887,-0.95197,0.48246,-0.61113,-0.57009,-0.31685,0.91093,-1.92173,0.29338,-1.6209,-2.57309,1.29221,1.2247,1
679,-0.95197,-0.48246,-0.61113,0.96082,-0.31685,2.28554,-2.11437,-0.31776,-0.01729,-2.04506,-1.37983,-1.54858,0
377,2.59171,-0.48246,-0.05921,0.96082,-0.31685,0.13606,0.16767,0.29338,-1.34289,1.46191,-1.37983,-0.84637,0
539,1.09449,0.48246,-0.61113,0.96082,-0.50212,0.73545,-0.30033,-1.27553,0.76096,-0.89891,-1.37983,-1.54858,0
554,-0.95197,0.48246,1.16365,0.96082,-0.31685,1.72012,-1.50796,-0.17779,0.76096,0.25953,-0.21712,-1.18084,0
1329,-0.95197,0.48246,0.45468,-0.57009,-0.31685,-0.67825,0.80523,1.06238,1.81866,0.25953,-0.21712,-0.21575,1
1351,-0.95197,0.48246,-0.61113,-0.57009,-0.31685,-2.05048,-0.94779,0.14143,-0.01729,-0.65253,0.19268,0.40148,1
6,2.59171,0.48246,-1.22751,0.24923,-0.31685,-0.67825,-0.30033,-1.55521,2.03972,1.63088,-1.37983,-1.54858,0
486,0.49788,0.48246,-1.7379,0.96082,-0.31685,-0.58016,0.96248,-0.58331,0.76096,-0.27607,-1.37983,-1.18084,1
1164,-0.07854,0.48246,1.98437,0.96082,-0.31685,-0.14882,-0.94779,0.29338,0.94156,2.04506,-0.71126,-0.52593,0
1569,0.49788,-0.48246,1.16365,0.96082,-0.31685,-1.55078,0.80523,1.24033,1.81866,-0.00665,0.19268,-0.21575,0
314,-0.07854,0.48246,1.16365,0.96082,-0.31685,0.04257,1.74091,0.29338,0.59042,1.30612,0.19268,-0.52593,0
184,-0.95197,0.48246,0.45468,0.96082,-0.31685,1.98437,-0.43999,0.29338,-0.76096,0.93949,-0.71126,0.40148,0
1163,-0.95197,-0.48246,-0.61113,-0.57009,-0.31685,0.04257,-0.15487,1.65653,0.13136,0.25953,0.52975,1.92173,1
513,1.09449,0.48246,1.16365,0.96082,-0.31685,0.41667,0.47617,-0.17779,-0.15487,0.25953,-0.21712,-1.18084,1
556,-0.07854,0.48246,1.98437,0.96082,-0.31685,0.62967,0.47617,-0.45174,-0.01729,1.30612,0.52975,0.07987,0
1626,0.49788,0.48246,-0.05921,0.96082,-0.31685,-0.79151,0.32197,-1.27553,0.76096,0.7583,-1.37983,-1.18084,0
639,0.49788,0.48246,-0.05921,0.24923,-0.31685,-0.34799,0.16767,-0.97631,0.76096,0.41594,-1.37983,-1.18084,0
1520,-0.95197,-0.48246,-0.61113,-0.57009,-0.31685,-0.24649,-0.80615,-1.27553,-1.34289,-1.92173,-0.71126,0.07987,1
136,0.49788,0.48246,-1.7379,0.96082,-0.31685,-1.69163,1.58487,-0.58331,1.81866,1.63088,0.52975,-0.52593,0
48,1.09449,-0.48246,1.16365,0.96082,-0.31685,-2.05048,0.80523,0.29338,0.94156,1.13407,-2.55524,-1.18084,1
1473,-0.95197,-0.48246,-0.61113,-0.57009,-0.31685,-0.14882,0.47617,-0.17779,-1.07533,0.12331,-0.71126,1.2247,1
996,-0.95197,-0.48246,1.16365,-0.28519,-0.31685,-0.79151,-0.30033,-0.31776,-0.91699,-0.14277,0.52975,0.7654,1
1442,1.09449,0.48246,1.16365,0.96082,-0.31685,-1.1943,-0.15487,0.14143,1.45039,1.30612,-0.71126,-1.18084,0
72,1.09449,0.48246,-1.22751,0.24923,-0.31685,-0.46725,1.11406,-0.31776,1.11406,0.12331,-2.55524,-0.84637,1
1681,-0.95197,0.48246,0.45468,0.96082,-0.31685,-0.05188,1.2861,-0.71727,0.43852,0.41594,-0.71126,-0.52593,0
809,-0.95197,0.48246,-0.61113,-0.57009,-0.31685,1.02119,0.80523,1.06238,-1.07533,-0.52745,0.88113,1.2247,1
855,-0.95197,-0.48246,-0.61113,-0.57009,-0.31685,0.04257,0.00332,1.43533,0.13136,-0.27607,0.19268,0.07987,1
1118,-0.95197,-0.48246,-0.61113,-0.57009,0.1144,0.91093,0.00332,1.24033,-0.15487,-1.38502,1.29221,0.40148,1
928,-0.95197,-0.48246,-0.05921,-0.57009,-0.31685,-0.79151,1.2861,0.58331,1.11406,-0.65253,-0.21712,0.7654,1
1179,-0.07854,0.48246,-0.61113,-0.57009,-0.31685,-0.46725,0.32197,0.14143,1.61108,0.12331,1.29221,0.40148,1
1363,-0.95197,-0.48246,-0.61113,-0.57009,-0.31685,0.82562,-1.09207,0.58331,0.76096,-1.13788,0.88113,-0.52593,1
1166,-0.07854,-0.48246,-0.61113,-0.57009,-0.31685,0.82562,-1.09207,0.44585,-0.60633,1.13407,0.88113,-0.21575,1
66,0.49788,-0.48246,-0.61113,0.96082,-0.31685,0.73545,0.47617,-0.84732,1.11406,0.58489,0.52975,-0.21575,0
642,1.09449,-0.48246,0.45468,0.96082,-0.31685,-0.14882,-0.69509,0.44585,0.13136,-0.14277,-0.21712,-0.52593,1
8,0.49788,-0.48246,-1.7379,0.96082,-0.31685,-1.32828,1.93886,-0.84732,-0.30172,1.63088,0.19268,-0.52593,0
1568,1.09449,0.48246,-0.05921,0.96082,-0.31685,2.46262,-2.5383,-0.31776,-0.91699,-0.78155,-0.71126,-1.54858,0
483,0.49788,0.48246,0.45468,-0.09765,-0.31685,1.02119,0.16767,0.29338,-0.15487,0.58489,0.19268,0.40148,1
546,-0.95197,0.48246,-1.7379,0.96082,-0.31685,1.23461,-0.57545,-0.71727,-0.76096,-1.0145,1.29221,-0.21575,1
1097,0.49788,-0.48246,1.16365,0.96082,-0.50212,-0.46725,0.96248,0.14143,-0.01729,0.93949,0.88113,-0.21575,0
1397,-0.07854,0.48246,1.16365,0.96082,-0.31685,1.72012,-0.43999,-1.27553,1.45039,-0.89891,-1.37983,-1.54858,0
1601,-0.07854,0.48246,-0.05921,0.96082,-0.31685,-0.67825,0.96248,-1.11902,-0.15487,0.58489,0.19268,-0.21575,0
1032,-0.95197,-0.48246,-0.61113,-0.09765,-0.31685,-0.67825,0.32197,0.58331,1.11406,-0.00665,0.19268,0.7654,1
1604,-0.07854,0.48246,0.45468,0.96082,-0.31685,-0.05188,2.8595,1.88511,0.94156,-0.89891,1.86203,1.2247,0
746,1.09449,-0.48246,-0.61113,0.96082,-0.31685,-0.92104,0.16767,-0.01928,0.59042,-1.5184,1.29221,-0.21575,0
1610,-0.07854,0.48246,0.45468,0.96082,-0.31685,-0.14882,-1.09207,-1.68062,0.94156,0.7583,-0.71126,-2.07848,0
691,1.82213,-0.48246,-0.61113,0.96082,-0.31685,0.41667,-0.69509,-1.42424,-1.47955,-0.14277,0.52975,-0.52593,0
1404,-0.07854,0.48246,0.45468,0.96082,-0.31685,0.41667,0.00332,-1.11902,0.13136,0.58489,-1.37983,-0.84637,0
915,0.49788,-0.48246,0.45468,-0.57009,-0.31685,0.31287,-1.50796,-1.68062,-1.6209,0.7583,-0.71126,0.40148,0
441,0.49788,0.48246,0.45468,0.96082,-0.31685,-0.46725,0.47617,-0.58331,0.76096,1.81175,-0.21712,-0.52593,1
1719,1.09449,-0.48246,-0.05921,0.96082,-0.31685,-1.1943,0.32197,-0.45174,-0.91699,0.12331,-0.21712,-0.52593,0
236,-0.07854,0.48246,-0.05921,0.96082,-0.31685,0.04257,0.96248,-1.27553,2.23427,2.04506,-1.37983,-2.07848,0
629,0.49788,-0.48246,1.98437,0.96082,-0.31685,-1.69163,-0.94779,-1.55521,1.81866,0.58489,-2.55524,-0.84637,1
1680,-0.95197,0.48246,0.45468,0.96082,-0.31685,0.13606,0.63779,-0.01928,-2.21844,1.63088,0.19268,0.40148,0
74,1.09449,-0.48246,-0.05921,0.96082,-0.31685,-0.67825,-0.57545,-0.31776,0.28783,1.13407,-0.71126,-0.21575,0
206,0.49788,0.48246,-1.7379,0.96082,-0.31685,-0.14882,1.11406,0.29338,-0.91699,-1.0145,1.86203,0.40148,0
907,-0.95197,-0.48246,-0.61113,-0.57009,-0.31685,1.37297,-0.15487,-0.17779,-2.35413,-1.13788,0.88113,0.40148,1
1185,-0.95197,-0.48246,0.45468,-0.57009,-0.31685,-0.46725,1.11406,0.88309,-0.30172,1.81175,-0.71126,-0.21575,1
1570,-0.07854,-0.48246,0.45468,0.96082,-0.31685,-0.05188,0.47617,-1.11902,-0.76096,-0.27607,-1.37983,-0.84637,0
559,-0.07854,0.48246,0.45468,0.96082,-0.31685,-1.69163,0.96248,-0.17779,1.45039,1.30612,-0.71126,-0.21575,0
1169,-0.95197,-0.48246,-1.22751,-0.57009,-0.31685,0.82562,-0.30033,1.43533,-0.76096,-1.0145,0.88113,0.7654,1
948,-0.07854,-0.48246,-0.05921,0.96082,-0.31685,2.127,-1.37639,0.14143,-0.30172,-1.64101,1.29221,-0.21575,1
1138,-0.07854,0.48246,1.98437,0.96082,-0.31685,-0.05188,0.32197,-0.84732,-0.01729,0.41594,-1.37983,-0.84637,0
1765,0.49788,-0.48246,-1.7379,0.96082,-0.31685,0.91093,-0.30033,0.14143,0.28783,-0.89891,0.88113,1.2247,1
1340,-0.95197,-0.48246,-0.05921,-0.57009,-0.31685,1.72012,-1.92173,-0.31776,-0.45321,-2.72827,1.29221,1.2247,1
1582,1.09449,0.48246,-0.05921,0.96082,-0.31685,0.62967,-1.50796,-2.39883,-0.91699,0.12331,-1.37983,-2.07848,0
1484,-0.07854,0.48246,0.45468,0.96082,-0.31685,-0.24649,0.47617,0.7233,1.61108,-0.14277,-0.71126,0.7654,1
1187,-0.95197,-0.48246,-0.61113,-0.57009,-0.31685,0.82562,-0.30033,0.58331,-0.91699,-0.89891,0.88113,0.7654,1
728,-0.07854,0.48246,1.16365,0.96082,-0.22166,0.31287,0.63779,-0.58331,0.13136,-0.14277,0.19268,-0.21575,0
789,-0.95197,-0.48246,-0.05921,0.96082,-0.31685,-1.69163,1.2861,-0.58331,-0.60633,-1.13788,1.86203,0.7654,0
909,0.49788,-0.48246,0.45468,-0.09765,-0.31685,-1.32828,0.32197,-0.71727,-1.34289,0.41594,0.52975,1.2247,1
88,1.82213,-0.48246,-1.7379,0.96082,-0.31685,-0.92104,0.16767,-0.45174,-0.30172,0.25953,-0.71126,0.40148,1
618,1.09449,0.48246,-0.61113,-0.57009,-0.31685,1.02119,0.16767,-0.17779,-0.60633,-1.0145,1.29221,1.2247,1
827,-0.95197,-0.48246,0.45468,-0.57009,-0.31685,0.52135,0.63779,0.14143,-1.07533,1.30612,-0.21712,0.40148,1
1671,1.09449,-0.48246,0.45468,0.96082,-0.31685,0.62967,-0.80615,-1.82919,-1.07533,0.12331,-0.71126,-0.84637,0
1266,0.49788,0.48246,-1.7379,0.96082,-0.31685,-0.79151,0.00332,-1.11902,-0.30172,0.25953,0.19268,-0.21575,0
156,0.49788,0.48246,0.45468,0.96082,-1.10702,0.62967,-1.37639,-1.27553,0.28783,-0.27607,-0.71126,-0.84637,0
1003,1.09449,0.48246,-0.61113,-0.28519,-0.31685,-0.34799,0.16767,0.14143,0.43852,0.7583,-1.37983,-1.18084,1
226,0.49788,0.48246,0.45468,0.96082,-0.31685,-1.32828,0.63779,0.88309,-0.45321,0.25953,-1.37983,-1.54858,0
1043,0.49788,-0.48246,0.45468,0.96082,-0.31685,0.22393,-2.11437,-2.09015,-1.34289,-1.38502,1.86203,0.7654,0
1746,-0.07854,0.48246,-1.7379,0.96082,-0.31685,-1.86962,0.96248,-0.97631,2.23427,2.33337,-1.37983,-0.84637,0
1622,0.49788,-0.48246,-0.05921,0.96082,-0.31685,-1.55078,-0.15487,0.58331,0.43852,1.13407,0.19268,-0.21575,0
1592,1.09449,0.48246,-0.05921,0.96082,-0.31685,-2.05048,0.80523,-0.97631,2.75696,1.13407,-1.37983,-2.07848,0
640,-0.95197,0.48246,0.45468,0.96082,-0.31685,-0.24649,-0.57545,-1.42424,-0.15487,1.63088,-0.71126,0.07987,0
1447,-0.07854,0.48246,1.16365,0.96082,-0.31685,-0.67825,0.96248,0.29338,1.11406,2.04506,0.19268,-0.84637,0
1082,-0.07854,0.48246,1.16365,0.96082,0.1144,0.31287,1.74091,-0.17779,0.28783,0.58489,0.52975,0.7654,0
1677,-0.07854,0.48246,0.45468,0.96082,-0.31685,2.28554,-2.11437,-0.97631,1.11406,-0.65253,-1.37983,-0.84637,0
326,0.49788,0.48246,-0.05921,0.96082,-0.31685,-0.79151,1.2861,-0.17779,0.94156,2.33337,0.19268,-0.52593,0
394,0.49788,0.48246,-1.43719,0.96082,-0.31685,-0.46725,0.32197,-0.58331,-0.01729,1.13407,-0.71126,-1.18084,0
1319,-0.95197,0.48246,-0.61113,-0.57009,-0.50212,0.41667,-1.23177,-0.45174,0.94156,-0.14277,0.88113,1.2247,1
798,-0.95197,0.48246,0.45468,0.96082,-0.31685,-0.58016,0.80523,0.44585,0.59042,1.30612,-0.71126,0.7654,1
537,-0.07854,0.48246,0.45468,-0.57009,-0.31685,0.91093,0.00332,0.88309,-2.07848,-0.52745,0.19268,-0.21575,1
266,0.49788,0.48246,0.45468,0.96082,-1.10702,-0.24649,0.00332,-0.45174,-0.01729,-0.00665,-0.71126,-2.07848,0
933,-0.07854,0.48246,0.45468,-0.09765,-0.31685,0.73545,-0.69509,1.24033,0.94156,0.41594,0.52975,0.7654,1
300,0.49788,0.48246,0.45468,0.96082,-0.31685,0.13606,-0.30033,-1.42424,1.61108,0.41594,-0.21712,-1.54858,0
542,1.09449,0.48246,0.45468,0.96082,-0.31685,-1.05308,0.32197,-0.17779,-0.91699,0.12331,-1.37983,-1.54858,1
1139,-0.07854,0.48246,0.45468,-0.28519,-0.31685,0.31287,-1.92173,-0.01928,0.59042,-1.25773,-0.21712,-0.84637,0
1449,-0.07854,0.48246,0.45468,-0.57009,-1.10702,-1.1943,1.45421,0.58331,1.2861,1.63088,0.52975,0.7654,0
1770,0.49788,0.48246,-0.05921,0.96082,-0.31685,-0.79151,0.47617,-1.11902,0.59042,-0.00665,-0.71126,-0.21575,0
1643,-0.07854,0.48246,1.16365,0.96082,-0.31685,-1.69163,0.47617,-1.42424,-0.30172,1.13407,-1.37983,-0.84637,0
524,-0.95197,-0.48246,-0.61113,-0.57009,-0.31685,0.04257,0.32197,-0.01928,-1.34289,-0.14277,0.52975,0.07987,1
340,0.49788,-0.48246,1.98437,0.96082,-0.31685,-1.86962,1.2861,0.29338,0.76096,1.46191,-0.21712,0.40148,0
406,1.09449,-0.48246,-1.43719,0.96082,-0.31685,0.91093,-0.15487,-0.17779,-0.15487,0.25953,0.88113,0.07987,1
386,1.09449,0.48246,0.45468,0.96082,-1.10702,-0.24649,0.16767,-0.97631,0.76096,0.58489,0.19268,-1.54858,0
131,1.09449,0.48246,-1.7379,0.96082,-0.31685,0.91093,0.32197,-1.42424,0.43852,2.33337,-0.71126,-1.18084,0
319,-0.07854,0.48246,-0.05921,0.96082,-0.31685,0.04257,0.00332,-0.71727,0.28783,0.93949,-1.37983,-1.18084,0
1550,-0.07854,0.48246,1.16365,0.96082,-0.31685,-0.67825,-0.94779,0.58331,0.28783,1.30612,-0.71126,-0.84637,0
91,0.49788,0.48246,1.16365,0.96082,-0.31685,1.37297,0.32197,0.7233,0.28783,-0.78155,-1.37983,0.07987,1
581,-0.95197,0.48246,1.16365,0.96082,-0.31685,-0.14882,0.80523,0.58331,0.13136,0.7583,-0.21712,-0.21575,1
1866,1.09449,-0.48246,-2.43591,-0.57009,-0.31685,0.73545,-0.43999,0.44585,-1.07533,0.25953,0.52975,0.40148,1
1576,0.49788,0.48246,0.45468,0.96082,-0.31685,-0.05188,0.96248,-1.11902,0.94156,1.63088,-1.37983,-2.07848,0
821,-0.95197,-0.48246,-0.61113,-0.09765,-0.50212,-0.67825,1.74091,0.7233,0.13136,0.41594,0.88113,1.92173,1
383,0.49788,-0.48246,-1.7379,-0.28519,-0.31685,-0.34799,-0.57545,-1.11902,-0.91699,-0.78155,1.29221,-0.52593,1
1074,-0.95197,0.48246,1.16365,0.96082,-0.31685,1.60383,-1.50796,-0.17779,0.28783,-0.40581,-0.71126,-1.54858,0
1581,0.49788,0.48246,-1.7379,0.96082,-0.31685,-0.46725,0.16767,-0.45174,1.2861,0.58489,-1.37983,-0.52593,0
577,0.49788,-0.48246,-1.7379,0.96082,-0.31685,-1.86962,0.80523,-1.55521,-0.45321,1.13407,-0.21712,0.07987,0
309,0.49788,0.48246,-1.22751,0.96082,-0.31685,-1.69163,0.80523,-0.17779,-0.01729,1.63088,0.19268,0.07987,0
1280,-0.95197,0.48246,0.45468,0.96082,-0.50212,0.62967,0.16767,-1.11902,0.28783,-0.52745,0.52975,-0.52593,0
1345,-0.95197,-0.48246,-1.22751,0.24923,-0.31685,1.37297,-1.23177,-1.11902,-2.5383,0.93949,-1.37983,-0.21575,1
385,1.09449,0.48246,0.45468,0.96082,-0.31685,0.13606,-0.30033,-0.45174,1.11406,0.7583,-2.55524,-0.52593,0
1481,-0.07854,0.48246,-0.61113,-0.57009,0.1144,1.37297,0.32197,0.7233,0.94156,0.12331,-0.71126,0.07987,1
222,-0.07854,0.48246,0.45468,0.96082,-0.31685,-0.14882,0.47617,-0.45174,-0.76096,0.93949,0.52975,-0.52593,0
816,-0.95197,-0.48246,-0.61113,0.96082,-0.31685,-0.67825,0.00332,-0.45174,-0.91699,0.25953,0.52975,1.92173,1
807,-0.07854,-0.48246,-0.61113,-0.57009,-0.31685,-0.24649,0.16767,-0.31776,-0.45321,-0.89891,1.29221,0.7654,1
765,-0.95197,-0.48246,-1.7379,0.96082,-0.31685,0.41667,-0.94779,1.06238,0.59042,-1.0145,0.52975,0.7654,1
1079,-0.07854,0.48246,0.45468,-0.57009,-0.31685,1.8399,-1.92173,1.88511,-0.91699,0.25953,0.19268,1.92173,1
847,0.49788,-0.48246,-0.61113,-0.57009,-0.31685,0.91093,-1.6334,-1.42424,-0.15487,0.25953,-1.37983,-1.54858,1
1554,1.09449,0.48246,-0.05921,0.96082,-0.31685,-0.58016,-0.57545,-1.27553,0.94156,0.93949,-1.37983,-2.07848,0
828,-0.95197,-0.48246,-0.61113,-0.57009,-0.31685,0.13606,1.45421,1.24033,-1.21213,-0.78155,0.52975,0.7654,1
185,1.82213,-0.48246,-1.22751,0.96082,-0.31685,0.04257,-0.80615,-0.97631,0.59042,0.25953,-1.37983,-1.18084,0
770,-0.07854,-0.48246,0.45468,-0.09765,-0.31685,1.02119,0.16767,0.58331,0.43852,0.7583,-1.37983,0.7654,1
599,1.09449,0.48246,-0.05921,-0.57009,-0.31685,0.04257,0.16767,-0.58331,0.43852,0.25953,-0.21712,-0.52593,1
15,1.82213,0.48246,-0.05921,0.96082,-0.31685,-0.92104,1.45421,0.44585,-0.60633,1.63088,1.29221,0.7654,0
1260,1.09449,0.48246,1.16365,0.96082,-0.31685,-0.34799,-0.80615,-0.45174,-1.21213,-0.14277,1.86203,0.40148,0
899,-0.07854,-0.48246,1.16365,-0.57009,-0.31685,-0.79151,1.11406,-0.17779,0.13136,0.41594,-0.21712,0.07987,1
528,1.82213,-0.48246,-1.22751,0.96082,-0.31685,-1.86962,0.47617,-1.11902,-0.01729,0.41594,-0.71126,-0.52593,0
210,-0.07854,-0.48246,1.16365,0.96082,-0.50212,-1.43907,0.47617,1.06238,-0.45321,1.13407,-1.37983,-0.84637,0
533,1.09449,-0.48246,0.45468,0.96082,-0.31685,1.02119,-1.50796,-0.71727,0.28783,-0.89891,-0.21712,0.7654,1
1310,-0.07854,0.48246,1.16365,0.21128,-0.31685,-1.43907,2.8595,0.7233,2.23427,0.25953,0.52975,1.92173,1
155,-0.95197,0.48246,-0.61113,0.96082,-0.31685,2.82196,-1.37639,0.7233,-0.45321,0.58489,-0.21712,0.7654,0
1085,-0.95197,0.48246,1.16365,0.96082,-0.31685,0.62967,1.11406,-0.84732,-0.45321,-1.25773,-0.71126,-0.84637,0
745,-0.07854,-0.48246,-1.7379,0.96082,-0.31685,-0.34799,0.00332,-0.58331,-0.91699,0.7583,0.52975,0.40148,1
1726,-0.07854,0.48246,-1.7379,0.96082,-0.31685,-1.1943,-1.23177,-2.21069,1.81866,0.58489,-2.55524,-2.07848,0
259,2.59171,-0.48246,1.98437,0.96082,-0.31685,0.52135,-0.15487,-0.45174,-1.47955,1.81175,-0.71126,-1.54858,0
1782,-0.95197,-0.48246,-1.22751,0.24923,-0.31685,-1.43907,-0.57545,-1.55521,-1.6209,1.30612,-0.71126,0.07987,1
1842,-0.95197,-0.48246,-0.61113,-0.28519,-0.31685,0.13606,-0.43999,1.43533,-0.30172,-1.13788,1.29221,1.2247,1
901,-0.95197,0.48246,-0.61113,-0.57009,-0.31685,1.8399,-0.94779,-0.97631,-0.91699,-1.0145,2.90161,1.92173,1
295,-0.07854,0.48246,-0.05921,0.96082,-0.31685,1.13281,0.00332,-0.17779,-0.76096,-0.40581,0.19268,-0.21575,1
197,-0.95197,-0.48246,0.45468,0.96082,-1.10702,-0.58016,0.32197,-0.58331,1.2861,-0.89891,0.19268,-1.18084,0
492,-0.95197,-0.48246,-0.61113,0.96082,-0.31685,-1.05308,1.11406,0.88309,-1.34289,-1.38502,-0.71126,1.2247,1
566,1.09449,0.48246,-0.61113,0.96082,-0.31685,-0.46725,-0.43999,-0.01928,0.13136,-0.40581,1.86203,-0.84637,1
552,-0.95197,0.48246,0.45468,0.96082,-0.31685,-0.14882,-0.43999,-1.42424,0.76096,1.30612,-1.37983,-0.52593,1
209,0.49788,0.48246,0.45468,0.96082,-0.31685,0.13606,0.00332,-0.17779,-0.30172,-0.00665,0.52975,1.2247,1
1778,1.09449,0.48246,-1.7379,0.96082,-0.31685,1.02119,-0.69509,-1.68062,-0.30172,-0.89891,1.86203,1.92173,1
1498,-0.07854,-0.48246,1.16365,-0.28519,-0.31685,-1.1943,0.16767,0.29338,-0.91699,-0.89891,0.19268,1.2247,0
1549,-0.07854,-0.48246,0.45468,0.96082,-0.31685,-1.1943,-0.57545,-1.68062,0.28783,1.30612,-1.37983,-0.84637,0
1267,-0.07854,0.48246,1.16365,0.96082,-0.31685,1.8399,-0.94779,-0.31776,-1.772,-2.04506,1.29221,1.92173,1
1434,-0.07854,0.48246,1.16365,0.96082,-0.22166,0.31287,-0.94779,-0.58331,2.75696,1.46191,-1.37983,-1.18084,0
757,-0.95197,0.48246,1.16365,0.96082,0.126,0.62967,0.32197,-0.58331,0.13136,0.7583,-0.21712,-0.21575,1
1552,1.82213,0.48246,-0.05921,0.96082,-0.31685,0.41667,-1.50796,-1.82919,-0.91699,-0.40581,-1.37983,-2.07848,0
132,1.09449,0.48246,-1.7379,0.96082,0.1144,-1.55078,-0.15487,-1.27553,2.46262,0.58489,-1.37983,-2.07848,0
125,1.09449,-0.48246,-1.7379,0.96082,-0.31685,-0.34799,1.93886,0.29338,0.43852,0.58489,-0.21712,-0.21575,0
1809,-0.95197,0.48246,1.16365,0.96082,-1.10702,0.41667,-0.80615,-0.58331,0.13136,-0.40581,-1.37983,-1.54858,0
1555,-0.95197,-0.48246,-0.61113,0.96082,-0.31685,-0.05188,-2.32338,-0.84732,-1.772,-0.40581,1.29221,-0.21575,1
1523,-0.07854,-0.48246,-0.05921,-0.57009,-0.31685,-0.05188,-2.72827,1.24033,1.45039,0.41594,-1.37983,-2.07848,1
674,-0.95197,0.48246,-0.61113,0.96082,-0.31685,1.23461,1.11406,0.44585,0.59042,0.93949,-0.71126,0.07987,1
322,0.49788,0.48246,-0.61113,0.96082,-0.31685,0.52135,-0.30033,-0.97631,1.81866,1.63088,-1.37983,-2.07848,0
1563,1.09449,0.48246,-2.43591,0.96082,-0.31685,0.22393,-0.30033,-1.27553,-0.60633,-0.27607,-0.21712,-0.52593,0
896,-0.07854,0.48246,-1.43719,0.96082,-0.31685,3.27393,-2.11437,-0.84732,-1.07533,-2.30408,0.52975,-1.18084,1
1435,-0.07854,0.48246,1.16365,0.96082,-0.31685,0.41667,-1.37639,-1.11902,0.59042,0.25953,-1.37983,-2.07848,0
162,0.49788,-0.48246,0.45468,0.96082,-1.10702,-0.67825,0.32197,-0.84732,1.81866,-0.40581,-0.71126,-1.18084,0
1678,-0.95197,0.48246,-0.61113,-0.57009,-0.31685,1.37297,0.00332,-0.01928,0.76096,-0.27607,0.19268,-0.21575,1
343,1.82213,0.48246,-0.05921,0.96082,-0.31685,-1.69163,0.96248,-0.31776,0.94156,1.81175,-2.55524,-1.54858,0
766,-0.95197,-0.48246,-0.61113,-0.57009,-0.31685,0.62967,0.16767,2.15324,0.76096,-0.00665,0.19268,1.2247,1
334,-0.95197,0.48246,-0.61113,0.96082,-0.31685,2.82196,-1.92173,-0.84732,0.43852,-1.78169,0.19268,-0.52593,1
1637,1.09449,0.48246,-0.05921,0.96082,-0.31685,0.04257,0.63779,-1.68062,-1.07533,-0.00665,-0.71126,-1.18084,0
336,2.59171,0.48246,-1.7379,0.24923,-0.31685,-0.14882,-0.15487,-1.42424,-1.34289,-0.00665,-0.21712,0.7654,0
1103,-0.95197,-0.48246,-0.61113,-0.28519,-0.31685,-0.58016,0.47617,-0.17779,0.28783,-1.78169,0.19268,0.7654,1
47,1.09449,0.48246,-0.61113,0.24923,-0.31685,0.31287,0.63779,-1.11902,0.28783,1.46191,-0.71126,-0.84637,1
952,-0.95197,0.48246,-0.61113,-0.57009,-0.31685,-1.1943,0.32197,1.88511,0.59042,-0.14277,2.90161,1.92173,1
234,1.09449,-0.48246,0.45468,0.96082,-0.31685,-0.67825,0.80523,-1.42424,0.94156,0.25953,0.52975,0.40148,0
45,-0.07854,-0.48246,0.45468,0.96082,0.1144,-1.05308,1.45421,0.44585,1.2861,0.93949,-0.21712,0.07987,0
122,0.49788,0.48246,-0.05921,0.96082,-0.31685,1.49158,-1.23177,-1.55521,-2.07848,-0.78155,0.52975,0.07987,0
1144,-0.95197,0.48246,-0.61113,-0.57009,-0.31685,1.98437,-1.92173,1.24033,1.45039,-1.13788,-0.21712,1.2247,1
33,0.49788,-0.48246,0.45468,0.96082,-0.31685,-0.79151,-1.23177,-0.01928,0.43852,-0.00665,0.19268,-0.84637,1
134,0.49788,-0.48246,1.16365,0.96082,-0.31685,-0.05188,0.16767,0.29338,-0.15487,0.12331,0.52975,0.40148,1
341,1.09449,0.48246,-0.05921,0.96082,-0.31685,-0.14882,-0.30033,-0.58331,0.94156,0.7583,-1.37983,-0.21575,0
1325,-0.95197,0.48246,-0.61113,-0.57009,-0.31685,0.41667,-0.57545,1.06238,0.43852,-1.0145,0.19268,-0.52593,1
1172,0.49788,-0.48246,-0.61113,-0.57009,-0.31685,0.13606,-0.57545,-0.01928,-0.76096,0.12331,-0.71126,0.40148,1
558,-0.95197,0.48246,0.45468,0.96082,-0.31685,-0.14882,-0.30033,0.29338,-0.15487,0.25953,-1.37983,-0.52593,1
317,1.82213,0.48246,0.45468,0.96082,-0.31685,-0.46725,0.80523,1.06238,-0.45321,-0.78155,1.86203,0.40148,1
545,-0.07854,0.48246,0.45468,0.96082,-0.31685,0.82562,0.63779,-0.97631,-0.76096,0.25953,-0.21712,-0.21575,0
1815,0.49788,0.48246,0.45468,0.24923,-0.31685,0.91093,-0.69509,2.44904,-0.45321,1.46191,0.19268,1.2247,1
190,-0.95197,0.48246,1.16365,0.96082,-0.31685,-0.34799,0.00332,-0.45174,0.13136,0.7583,-0.71126,-0.84637,1
49,1.09449,-0.48246,-1.7379,0.96082,-0.31685,0.13606,-0.80615,-0.31776,-0.15487,-0.65253,0.19268,-0.84637,1
1758,0.49788,-0.48246,-0.05921,0.96082,-0.31685,1.02119,-0.43999,-2.39883,-0.30172,0.7583,-1.37983,-2.07848,0
1083,-0.95197,0.48246,1.16365,0.96082,-0.31685,-1.1943,1.58487,0.29338,1.11406,1.30612,-0.21712,-0.21575,0
178,0.49788,0.48246,0.45468,0.96082,-0.31685,1.49158,0.00332,-1.27553,-0.91699,1.13407,-0.71126,-0.52593,0
1737,0.49788,-0.48246,-0.05921,0.96082,-0.31685,-1.43907,0.96248,0.29338,1.2861,0.25953,-0.71126,0.7654,0
225,1.09449,0.48246,0.45468,0.96082,-0.31685,-0.46725,1.45421,0.29338,0.43852,0.7583,-0.21712,-0.21575,0
1171,0.49788,0.48246,0.45468,-0.57009,-0.31685,-1.1943,1.2861,1.43533,1.2861,0.25953,-0.71126,-0.21575,1
344,1.82213,0.48246,-0.05921,0.96082,-0.31685,0.62967,0.00332,-0.01928,-0.15487,0.58489,0.19268,-0.52593,0
338,1.09449,0.48246,1.16365,0.96082,-1.10702,0.62967,0.16767,-0.17779,-0.01729,1.30612,-0.21712,-0.84637,0
1352,-0.95197,0.48246,0.45468,0.96082,-0.31685,0.41667,-0.57545,-0.97631,-0.15487,1.46191,-1.37983,-2.07848,0
1390,-0.95197,-0.48246,-0.61113,-0.57009,-0.31685,-0.14882,0.47617,0.88309,-0.76096,0.25953,-0.71126,-0.21575,1
1660,1.09449,0.48246,0.45468,0.96082,-0.31685,-2.21844,0.63779,0.29338,0.13136,0.41594,-1.37983,-0.84637,0
1428,-0.95197,0.48246,-0.05921,0.96082,0.1144,0.04257,0.00332,-0.17779,0.28783,1.81175,0.88113,0.40148,0
160,1.09449,0.48246,-0.61113,0.96082,-1.10702,-0.46725,-0.57545,-0.58331,0.13136,0.25953,-0.21712,-1.18084,0
1273,0.49788,0.48246,-0.61113,-0.28519,-0.31685,1.72012,-0.94779,-1.82919,0.76096,-1.0145,0.19268,-2.07848,0
237,-0.07854,0.48246,1.16365,0.96082,-0.31685,1.49158,0.32197,-0.17779,0.43852,0.41594,0.19268,-0.21575,0
771,-0.95197,-0.48246,-0.61113,-0.57009,-0.31685,0.62967,-1.6334,-1.27553,-0.01729,-0.89891,1.86203,1.2247,1
159,0.49788,0.48246,0.45468,-0.09765,-0.31685,-0.24649,0.16767,-0.31776,-0.30172,0.41594,0.88113,1.2247,0
335,2.59171,-0.48246,-0.61113,0.24923,-0.31685,-1.32828,-0.43999,-0.97631,0.13136,0.12331,1.29221,-0.21575,0
1593,1.09449,0.48246,0.45468,0.96082,-0.31685,-0.79151,1.93886,-0.45174,1.11406,0.41594,0.88113,1.92173,0
407,-0.95197,0.48246,-2.43591,0.96082,-0.31685,0.13606,1.58487,1.88511,1.2861,-0.00665,1.29221,0.7654,1
636,0.49788,0.48246,1.98437,0.96082,-0.31685,1.23461,0.16767,-0.01928,-1.07533,-0.65253,-0.21712,1.2247,1
965,-0.95197,-0.48246,-0.61113,-0.57009,-0.31685,-0.92104,1.2861,-0.45174,0.76096,0.25953,-0.21712,0.40148,1
130,1.09449,0.48246,1.16365,0.96082,-0.31685,-0.79151,0.96248,-1.11902,0.94156,0.41594,0.19268,0.40148,0
1174,-0.95197,0.48246,-0.61113,-0.57009,-0.31685,0.41667,0.16767,1.43533,0.59042,0.58489,-1.37983,0.07987,1
1192,-0.95197,-0.48246,1.16365,-0.57009,-0.31685,-2.21844,0.32197,0.7233,1.81866,0.93949,-0.71126,-0.52593,1
99,0.49788,-0.48246,1.98437,0.24923,-0.31685,-1.1943,-0.43999,-0.01928,-0.60633,0.93949,-0.21712,1.2247,1
891,-0.95197,0.48246,-0.61113,-0.57009,-0.31685,0.41667,0.80523,1.24033,1.11406,0.58489,-0.71126,0.07987,1
1,0.49788,0.48246,-0.05921,0.96082,0.126,0.31287,-0.57545,-0.58331,-0.91699,-0.00665,-0.21712,-1.18084,0
191,1.82213,0.48246,-0.05921,0.96082,-0.31685,-1.43907,0.00332,-0.84732,0.59042,-0.27607,-0.71126,-1.54858,0
1234,-0.95197,-0.48246,0.45468,0.96082,-0.31685,0.73545,-0.43999,0.58331,0.59042,-0.14277,0.19268,0.40148,1
1634,1.09449,0.48246,-0.05921,0.96082,-1.10702,-0.34799,0.32197,-0.84732,-0.30172,0.41594,0.88113,0.40148,0
1704,-0.95197,-0.48246,-0.61113,-0.57009,-0.31685,-0.34799,-0.69509,-0.58331,0.28783,-1.13788,-0.21712,-0.52593,1
1208,1.09449,-0.48246,0.45468,0.96082,-0.31685,-0.46725,1.58487,1.43533,1.45039,1.30612,-0.21712,-0.21575,0
1477,-0.07854,-0.48246,-0.05921,0.24923,-0.31685,-0.34799,-0.43999,-0.17779,-0.45321,0.12331,-0.71126,-0.84637,1
1233,-0.95197,0.48246,-0.61113,-0.28519,-0.31685,1.60383,-0.43999,0.44585,0.59042,0.41594,0.19268,0.07987,0
643,0.49788,-0.48246,1.16365,0.96082,-0.31685,-0.67825,0.96248,0.88309,2.23427,1.81175,-0.21712,0.40148,1
748,-0.07854,0.48246,1.16365,0.96082,-0.31685,-0.05188,0.47617,0.44585,0.28783,0.41594,-0.71126,-0.21575,1
710,-0.95197,-0.48246,-0.05921,0.96082,-0.31685,-0.92104,-0.30033,-0.71727,0.59042,0.41594,-0.71126,-1.54858,1
129,0.49788,-0.48246,1.98437,0.96082,-0.50212,0.04257,0.63779,0.14143,0.13136,0.25953,-0.21712,-1.18084,0
1833,-0.95197,-0.48246,0.45468,-0.57009,0.1144,-2.75696,1.93886,0.88309,0.28783,2.33337,-0.71126,0.07987,1
1713,0.49788,0.48246,1.16365,0.96082,-0.31685,-0.79151,0.63779,-0.84732,-1.07533,0.25953,-0.71126,-0.21575,1
142,0.49788,0.48246,-1.7379,0.96082,-0.31685,-0.79151,0.63779,-1.11902,1.2861,0.58489,-1.37983,-2.07848,0
1546,-0.95197,0.48246,-0.61113,-0.57009,-0.31685,1.02119,-0.94779,0.88309,0.13136,-0.14277,-0.71126,0.40148,1
584,0.49788,0.48246,-0.05921,0.96082,-0.31685,0.31287,1.2861,1.65653,-0.30172,0.93949,0.52975,0.07987,0
431,-0.07854,-0.48246,-2.43591,0.96082,-0.31685,0.22393,-0.94779,-1.42424,-0.76096,-0.27607,-0.21712,-0.21575,1
1431,-0.95197,-0.48246,-0.61113,-0.57009,-0.31685,-0.24649,1.45421,1.43533,-0.60633,-0.14277,0.88113,1.2247,0
44,0.49788,-0.48246,-0.05921,0.96082,-0.31685,-0.92104,-0.57545,-0.31776,-0.15487,-1.0145,-0.21712,-0.21575,1
564,0.49788,0.48246,1.16365,0.96082,0.1144,2.61139,0.47617,-1.55521,-0.30172,1.46191,-0.21712,-0.84637,1
124,-0.07854,0.48246,0.45468,0.96082,-0.31685,0.22393,-0.69509,-0.45174,-0.01729,0.12331,1.29221,0.07987,1
61,-0.07854,0.48246,1.98437,0.96082,-0.31685,1.37297,0.32197,0.29338,-0.30172,-0.27607,-1.37983,0.07987,0
1613,0.49788,0.48246,0.45468,0.96082,-0.22166,0.13606,1.2861,-0.97631,0.43852,-0.00665,-0.21712,-0.21575,1
